纬度,经度,预订任务限额,会员编号,选择顺序
22.947097,113.679983,0.00122811,B0001,1
22.577792,113.966524,0.001342944,B0002,2
23.192458,113.347272,0.00129052,B0003,3
23.255965,113.31875,0.001182545,B0004,4
33.65205,116.97047,0.001071265,B0005,5
22.262784,112.79768,0.001094824,B0006,6
29.560903,106.239083,0.000739663,B0007,7
23.143373,113.376315,0.001173389,B0008,154
23.28528,113.651842,0.001217192,B0009,89
23.099259,113.488909,0.001063056,B0010,90
23.192462,113.34726,0.001154406,B0011,155
22.548889,113.955368,0.001194431,B0012,46
23.178845,113.358177,0.001157635,B0013,182
23.054911,113.768888,0.001466841,B0014,8
23.053426,113.761634,0.001442534,B0015,47
23.054769,113.65272,0.001359127,B0016,9
22.92814,114.081898,0.00100928,B0017,125
23.146943,113.305001,0.00114121,B0018,213
23.025829,113.317362,0.001098605,B0019,48
23.012667,113.839206,0.001170289,B0020,10
22.574867,113.920188,0.001113355,B0021,91
27.124487,111.017906,0.000375847,B0022,11
23.262722,113.29603,0.001098605,B0023,126
23.216283,113.29179,0.001046041,B0024,282
22.724052,113.922057,0.000933162,B0025,12
23.025831,113.31738,0.001032713,B0026,92
23.141684,113.262137,0.001054651,B0027,239
23.173014,113.320705,0.001037213,B0028,338
23.187008,113.257642,0.001028154,B0029,316
23.10714,113.301889,0.00096245,B0030,400
22.667339,114.007186,0.000840419,B0031,127
23.129688,113.409023,0.000907571,B0032,339
22.993463,114.728544,0.000872189,B0033,13
22.799744,113.782606,0.000784692,B0034,49
23.125731,113.402306,0.000872189,B0035,435
23.089162,112.882467,0.001004393,B0036,50
23.13759,113.381757,0.000900823,B0037,436
22.935859,113.683234,0.0010753,B0038,51
21.679227,110.922443,0.001151149,B0039,14
23.099656,113.487402,0.000823082,B0040,214
23.039077,113.133736,0.001023533,B0041,15
22.640977,114.061072,0.000831886,B0042,93
22.698914,113.818848,0.0008487,B0043,16
22.699085,113.79328,0.000763173,B0044,94
22.630761,114.088349,0.0008487,B0045,95
22.736419,114.275272,0.001063056,B0046,17
23.166269,113.21411,0.000945205,B0047,240
20.335061,110.178827,0.000879612,B0048,18
23.026671,113.314161,0.000886853,B0049,183
22.605016,114.134612,0.000831886,B0050,96
22.55258,114.131064,0.000813986,B0051,128
22.551065,113.906415,0.000900823,B0052,156
23.258526,113.320772,0.000900823,B0053,241
23.201831,113.329844,0.000864571,B0054,542
22.55234,114.004208,0.000794819,B0055,242
23.127808,113.268909,0.000864571,B0056,437
22.963677,113.668272,0.00089392,B0057,184
22.546424,114.091551,0.000794819,B0058,185
23.027282,113.321826,0.000840419,B0059,243
22.649465,114.046196,0.000751694,B0060,244
23.013316,113.764039,0.001028154,B0061,157
22.786188,113.89986,0.000774157,B0062,129
22.631265,114.088053,0.000784692,B0063,283
22.59321,113.997232,0.000763173,B0064,401
22.646966,114.054897,0.000739663,B0065,370
22.537631,113.921206,0.000864571,B0066,245
22.945963,113.378949,0.000763173,B0067,186
22.572454,113.900611,0.000856746,B0068,246
23.138201,113.305131,0.000375847,B0069,97
23.125711,113.266843,0.000375847,B0070,130
22.921069,114.011611,0.000562022,B0071,340
23.085993,113.286892,0.000794819,B0072,520
23.201472,113.328149,0.000804574,B0073,590
23.107633,113.934697,0.000989285,B0074,19
23.05819,113.382202,0.000763173,B0075,521
22.631295,114.088048,0.000751694,B0076,371
23.04938,113.170711,0.000856746,B0077,158
22.832066,113.717908,0.000668361,B0078,98
22.746146,113.845129,0.000713669,B0079,215
22.695229,114.235036,0.000907571,B0080,52
23.023983,113.113357,0.000951058,B0081,99
21.202247,110.417157,0.000872189,B0082,131
23.025897,113.317272,0.000794819,B0083,372
22.559031,114.133815,0.000739663,B0084,317
23.134029,113.380696,0.000375847,B0085,187
22.979376,113.359597,0.000739663,B0086,318
22.617332,114.046699,0.00069953,B0087,522
23.110206,113.840149,0.000920633,B0088,188
23.467117,113.36579,0.000784692,B0089,53
22.661854,114.02758,0.00069953,B0090,341
22.805765,113.580688,0.001037213,B0091,20
22.573973,114.118394,0.000727014,B0092,402
23.048773,113.320775,0.000751694,B0093,591
22.654465,114.042558,0.00069953,B0094,470
23.08834,113.811783,0.000956805,B0095,216
23.042076,113.088167,0.000920633,B0096,132
22.715649,114.266454,0.000907571,B0097,100
23.102272,113.314206,0.000739663,B0098,761
22.957762,113.885591,0.000945205,B0099,21
22.735681,114.276218,0.000907571,B0100,133
22.566656,114.048785,0.000684478,B0101,592
22.605696,114.052535,0.000684478,B0102,612
22.528087,114.053445,0.00069953,B0103,403
22.557073,114.093619,0.000375847,B0104,22
22.663709,114.02819,0.000668361,B0105,491
22.600908,114.124103,0.000713669,B0106,566
22.702596,113.841585,0.000668361,B0107,247
23.133346,113.288213,0.000375847,B0108,284
23.371734,113.249841,0.000900823,B0109,54
23.060244,113.228424,0.000739663,B0110,523
23.025509,113.136987,0.000872189,B0111,189
23.131169,113.297453,0.000751694,B0112,668
22.55917,113.964202,0.000751694,B0113,543
22.571019,114.063028,0.000668361,B0114,696
23.019708,113.088886,0.000375847,B0115,23
22.602495,114.120857,0.00069953,B0116,613
23.291608,113.311949,0.000763173,B0117,285
22.526055,113.932399,0.000774157,B0118,342
22.957819,113.885455,0.00089392,B0119,55
23.136869,113.252176,0.000763173,B0120,637
22.5606,113.914169,0.000763173,B0121,373
23.02382,113.12482,0.000813986,B0122,404
23.170052,112.896012,0.000727014,B0123,101
23.192579,113.347404,0.000727014,B0124,697
22.609184,114.036224,0.000375847,B0125,56
23.096916,113.284093,0.000684478,B0126,796
22.58338,114.132395,0.000375847,B0127,102
22.737832,113.824021,0.000632097,B0128,286
22.669148,113.923368,0.000684478,B0129,343
22.697751,114.227313,0.000813986,B0130,190
22.634345,114.079336,0.000668361,B0131,669
23.017262,113.334856,0.000739663,B0132,524
23.035953,113.163214,0.000784692,B0133,287
22.615165,114.168801,0.00069953,B0134,438
22.999192,114.343194,0.000956805,B0135,24
24.80413,113.605786,0.000823082,B0136,103
23.107527,113.14625,0.000813986,B0137,248
22.670303,114.139487,0.000684478,B0138,567
22.667193,114.020917,0.000611344,B0139,614
23.626787,113.43641,0.000713669,B0140,25
22.653315,114.029516,0.000632097,B0141,651
22.62607,114.073376,0.000668361,B0142,797
22.644142,113.867745,0.000684478,B0143,492
23.055061,113.744384,0.000840419,B0144,374
22.633177,114.230291,0.000784692,B0145,288
22.980661,114.002005,0.000727014,B0146,57
23.174499,113.263282,0.000713669,B0147,698
22.93804,113.665746,0.000794819,B0148,159
22.845506,113.269551,0.001058879,B0149,26
22.563546,114.138399,0.000650986,B0150,670
22.6656,114.20803,0.000774157,B0151,405
23.133276,113.249702,0.000727014,B0152,743
23.11803,113.362287,0.000668361,B0153,819
22.919953,113.213961,0.000375847,B0154,27
22.705938,114.091435,0.000650986,B0155,544
22.654493,114.042605,0.000632097,B0156,798
22.995646,114.006372,0.000713669,B0157,134
23.022885,113.826933,0.0008487,B0158,319
22.624889,114.152166,0.000375847,B0159,104
23.224528,113.317468,0.000684478,B0160,719
22.741636,114.266652,0.000375847,B0161,28
23.054148,113.294756,0.000668361,B0162,762
22.674691,113.796497,0.000375847,B0163,29
22.966344,113.092801,0.000713669,B0164,545
23.156692,113.328526,0.000713669,B0165,820
23.190577,113.251884,0.00069953,B0166,720
23.010914,113.733551,0.000823082,B0167,375
23.072207,113.112958,0.000823082,B0168,249
23.101558,113.314506,0.000668361,B0169,821
23.012481,113.083899,0.000823082,B0170,289
22.611218,114.159207,0.000650986,B0171,652
23.1306,113.241295,0.000727014,B0172,799
22.619846,114.107034,0.000650986,B0173,822
22.55123,114.093465,0.000632097,B0174,744
22.506225,113.945301,0.000375847,B0175,30
22.657811,114.029555,0.000611344,B0176,763
23.016933,113.149007,0.000804574,B0177,344
22.630003,114.154938,0.000668361,B0178,721
22.800524,113.828908,0.000611344,B0179,250
23.120203,113.136969,0.000763173,B0180,345
23.293868,113.372001,0.00069953,B0181,251
23.034994,113.749133,0.000813986,B0182,471
23.045704,113.49505,0.000611344,B0183,252
23.106751,113.312493,0.000650986,B0184,823
23.039656,113.718566,0.00069953,B0185,191
23.0391,113.13376,0.000794819,B0186,406
23.226408,113.272284,0.000668361,B0187,745
22.665157,114.030232,0.000588232,B0188,764
22.621808,114.031797,0.000611344,B0189,824
22.628276,114.159413,0.000650986,B0190,746
23.103618,113.375591,0.000632097,B0191,825
23.019975,113.339842,0.000684478,B0192,653
22.919974,113.213898,0.000375847,B0193,58
22.619739,114.107025,0.000632097,B0194,826
22.965764,114.035832,0.00069953,B0195,105
22.676151,114.014881,0.000375847,B0196,59
22.960617,113.701495,0.000739663,B0197,407
23.106792,113.312499,0.000650986,B0198,827
22.520804,113.942816,0.00069953,B0199,408
22.980092,113.017895,0.000831886,B0200,160
23.558419,113.614671,0.000879612,B0201,31
22.638154,114.202461,0.000713669,B0202,638
22.723878,113.903337,0.000611344,B0203,346
22.551842,114.131407,0.000611344,B0204,828
23.097481,113.269269,0.000632097,B0205,829
22.69495,114.231992,0.000375847,B0206,106
23.127013,113.399742,0.000611344,B0207,830
22.982071,114.032407,0.000684478,B0208,161
22.97076,113.99635,0.000650986,B0209,162
22.928824,112.939739,0.000879612,B0210,60
23.227075,113.293212,0.000650986,B0211,800
23.146568,113.346826,0.000375847,B0212,409
23.212972,113.391595,0.000632097,B0213,699
23.143901,113.299725,0.000668361,B0214,831
23.060158,113.777571,0.000840419,B0215,410
23.03343,113.14227,0.000774157,B0216,493
23.019462,113.077555,0.000751694,B0217,593
22.563803,114.040747,0.000588232,B0218,832
23.444281,113.196688,0.000831886,B0219,61
23.467101,113.365807,0.000650986,B0220,107
22.589193,113.973194,0.000650986,B0221,833
23.065583,113.585017,0.000611344,B0222,217
23.100414,113.295104,0.000632097,B0223,834
23.075797,113.288044,0.000632097,B0224,835
23.340387,113.303661,0.00069953,B0225,192
23.073486,113.170439,0.000684478,B0226,671
23.018177,113.341384,0.000650986,B0227,765
22.576181,114.113145,0.000611344,B0228,836
23.037115,113.117726,0.000763173,B0229,525
22.657617,114.207759,0.000713669,B0230,615
22.615435,114.123207,0.000611344,B0231,837
23.484326,113.205374,0.000823082,B0232,62
22.773827,114.329945,0.000774157,B0233,163
23.309835,113.36433,0.000684478,B0234,347
22.588494,113.949223,0.000650986,B0235,838
22.73834,113.814489,0.000562022,B0236,411
23.042795,113.30588,0.000632097,B0237,839
22.617982,114.118918,0.000611344,B0238,840
22.729964,114.297779,0.000739663,B0239,320
23.207391,113.335702,0.000650986,B0240,841
23.051221,113.787943,0.000784692,B0241,494
22.832479,113.061531,0.000494642,B0242,164
22.796875,113.771143,0.000531528,B0243,348
22.801349,113.714482,0.000375847,B0244,32
22.763973,113.813969,0.000562022,B0245,439
23.114455,113.31211,0.000632097,B0246,842
23.205772,113.270594,0.000375847,B0247,440
23.007204,113.12903,0.000751694,B0248,495
23.396767,113.255106,0.000774157,B0249,193
22.683833,114.002003,0.000562022,B0250,778
22.537617,114.120387,0.000611344,B0251,843
23.014185,113.648114,0.000727014,B0252,349
22.720184,114.275458,0.000751694,B0253,376
23.132941,113.338573,0.000650986,B0254,844
23.112296,113.127154,0.000727014,B0255,546
23.041392,113.75766,0.000375847,B0256,33
23.0946,113.284436,0.000611344,B0257,845
22.676474,113.821783,0.000375847,B0258,63
22.964203,113.088383,0.000739663,B0259,472
22.540942,114.073682,0.000611344,B0260,846
23.064767,113.05448,0.000713669,B0261,654
22.684504,113.951115,0.000588232,B0262,639
22.563444,114.127943,0.000588232,B0263,847
23.160089,113.240921,0.000668361,B0264,848
23.068369,113.261283,0.000611344,B0265,849
23.212104,113.291573,0.000611344,B0266,850
23.194579,113.273734,0.000632097,B0267,851
22.591387,114.124439,0.000375847,B0268,165
23.097546,113.33598,0.000375847,B0269,473
23.093079,113.278148,0.000375847,B0270,441
23.442511,113.327665,0.000650986,B0271,194
22.536425,113.948822,0.000650986,B0272,594
22.757872,113.913137,0.000562022,B0273,496
22.572146,113.904177,0.000650986,B0274,526
23.207769,113.379643,0.000611344,B0275,801
23.133812,113.270935,0.000375847,B0276,474
23.110957,113.460126,0.000562022,B0277,497
22.631729,114.119678,0.000588232,B0278,852
22.572337,114.121094,0.000375847,B0279,166
23.148396,113.293411,0.000632097,B0280,853
23.137481,113.283015,0.000632097,B0281,854
23.381258,113.220174,0.000751694,B0282,195
22.693376,113.941047,0.000588232,B0283,568
23.141344,113.343578,0.000632097,B0284,855
22.651485,114.110239,0.000588232,B0285,856
23.150785,113.332625,0.000650986,B0286,857
23.247414,113.316081,0.000650986,B0287,700
22.550214,114.092453,0.000588232,B0288,858
23.144206,113.240874,0.000668361,B0289,859
22.910687,113.999879,0.000632097,B0290,218
22.878442,113.821749,0.000588232,B0291,219
22.80034,113.828038,0.000562022,B0292,412
22.947805,113.274358,0.000632097,B0293,377
22.821221,113.052974,0.000562022,B0294,64
23.037111,113.134501,0.000684478,B0295,860
22.887126,113.401686,0.000727014,B0296,108
22.960802,113.335749,0.000562022,B0297,569
23.063445,113.774572,0.000794819,B0298,442
22.939187,113.746074,0.000763173,B0299,378
22.665838,114.068923,0.000562022,B0300,861
22.568389,113.90155,0.000632097,B0301,547
22.592527,113.846444,0.000713669,B0302,379
23.40515,113.228722,0.000713669,B0303,290
23.26376,113.258772,0.000611344,B0304,701
23.137429,113.282856,0.000611344,B0305,862
23.136755,113.393612,0.000375847,B0306,443
23.13592,113.315173,0.000611344,B0307,863
23.137578,113.282935,0.000611344,B0308,864
23.254296,113.315659,0.000632097,B0309,802
23.120306,113.268304,0.000588232,B0310,865
23.126948,113.27424,0.000611344,B0311,866
23.151009,113.551515,0.000375847,B0312,34
23.077633,113.289146,0.000588232,B0313,867
22.692574,114.224224,0.000684478,B0314,548
22.936494,113.359285,0.000588232,B0315,498
23.124292,113.357872,0.000588232,B0316,868
22.944615,113.403347,0.000562022,B0317,475
22.676503,114.019311,0.000494642,B0318,869
23.164734,113.229295,0.000632097,B0319,870
23.104198,113.363252,0.000588232,B0320,871
22.735438,114.284747,0.000713669,B0321,380
22.540448,114.066268,0.000375847,B0322,220
22.686066,113.993061,0.000531528,B0323,872
22.633013,114.041198,0.000531528,B0324,873
22.721816,114.265177,0.000713669,B0325,413
22.549107,114.128361,0.000562022,B0326,874
23.10824,113.26614,0.000588232,B0327,875
22.612929,114.137262,0.000562022,B0328,876
22.543915,114.058444,0.000562022,B0329,877
23.126053,113.401054,0.000562022,B0330,878
22.523461,114.047879,0.000562022,B0331,879
22.688779,113.944955,0.000562022,B0332,702
22.735666,113.908071,0.000562022,B0333,595
23.124435,113.338799,0.000588232,B0334,880
22.588207,113.906852,0.000632097,B0335,672
23.054901,113.768854,0.000774157,B0336,499
23.173781,112.864304,0.000375847,B0337,35
23.118702,113.132484,0.000684478,B0338,596
23.040919,113.132589,0.000668361,B0339,881
23.004923,113.157507,0.000713669,B0340,597
23.072993,113.209,0.000375847,B0341,253
22.99238,113.126195,0.000713669,B0342,570
23.287294,113.625475,0.00069953,B0343,36
23.181232,113.51278,0.000494642,B0344,221
22.620732,114.142503,0.000562022,B0345,882
22.654518,114.042548,0.000531528,B0346,883
22.979873,113.314866,0.000375847,B0347,37
23.13475,113.392481,0.000375847,B0348,500
22.985329,113.719121,0.00069953,B0349,616
22.615454,114.123113,0.000562022,B0350,884
23.065181,113.15496,0.00069953,B0351,722
22.624165,114.044003,0.000531528,B0352,885
23.107515,113.457024,0.000531528,B0353,640
22.573093,113.960327,0.000588232,B0354,886
22.5738,113.9662,0.000588232,B0355,887
22.605395,114.127734,0.000562022,B0356,888
22.555394,114.118897,0.000562022,B0357,889
22.52894,114.07265,0.000562022,B0358,890
23.064412,113.447505,0.000531528,B0359,673
23.032306,113.156795,0.00069953,B0360,779
23.125804,113.4009,0.000531528,B0361,891
23.009643,113.143825,0.00069953,B0362,723
23.026036,113.31943,0.000588232,B0363,892
23.123308,113.409223,0.000531528,B0364,893
23.096891,113.304406,0.000562022,B0365,894
23.098008,113.236094,0.000588232,B0366,895
23.203413,113.229464,0.000588232,B0367,896
22.672999,114.227576,0.000668361,B0368,674
22.703545,113.944387,0.000531528,B0369,780
22.614072,114.148979,0.000562022,B0370,897
23.11072,113.274436,0.000562022,B0371,898
23.087139,113.278892,0.000562022,B0372,899
23.179085,113.232562,0.000611344,B0373,900
23.141318,113.400417,0.000562022,B0374,901
22.716905,114.388943,0.000562022,B0375,135
23.091655,113.336944,0.000562022,B0376,902
23.318118,113.363802,0.000611344,B0377,381
23.377337,113.214543,0.000684478,B0378,254
23.126861,113.267994,0.000588232,B0379,903
22.524485,113.949348,0.000611344,B0380,766
23.196752,113.347108,0.000562022,B0381,904
22.831844,113.696638,0.000494642,B0382,167
22.678983,114.004376,0.000531528,B0383,905
23.040397,113.158358,0.000668361,B0384,906
23.15374,112.905005,0.000611344,B0385,136
22.675887,113.807281,0.000588232,B0386,382
22.625597,114.034519,0.000494642,B0387,907
22.545463,113.92639,0.000375847,B0388,65
23.458749,113.193986,0.000727014,B0389,255
22.540878,114.085845,0.000562022,B0390,908
22.559842,114.118199,0.000531528,B0391,909
23.212488,113.292305,0.000562022,B0392,910
23.13516,113.337886,0.000588232,B0393,911
23.105198,113.276884,0.000562022,B0394,912
23.095225,113.365248,0.000531528,B0395,913
23.193444,113.370323,0.000562022,B0396,914
22.565797,114.123028,0.000531528,B0397,915
23.001787,113.352865,0.000588232,B0398,916
22.728736,114.264305,0.000375847,B0399,109
23.373834,113.433356,0.000562022,B0400,196
23.135971,113.386713,0.000562022,B0401,917
22.646861,114.009774,0.000375847,B0402,137
22.679169,113.938947,0.000562022,B0403,918
23.10584,113.271284,0.000562022,B0404,919
22.659864,114.120275,0.000562022,B0405,920
22.708022,113.815302,0.000494642,B0406,571
22.550248,114.092534,0.000531528,B0407,921
22.547093,113.978106,0.000375847,B0408,138
22.56253,114.094441,0.000375847,B0409,256
23.148314,113.293349,0.000375847,B0410,655
22.550907,114.133295,0.000375847,B0411,257
23.141977,113.236106,0.000611344,B0412,922
23.17077,113.386429,0.000562022,B0413,923
23.10288,113.240445,0.000588232,B0414,924
22.531248,114.074777,0.000562022,B0415,925
22.566277,114.057247,0.000375847,B0416,258
22.937503,113.472495,0.00069953,B0417,139
22.780596,114.297116,0.000668361,B0418,414
22.693761,114.225501,0.000650986,B0419,724
22.607315,114.111315,0.000531528,B0420,926
23.203141,113.341529,0.000562022,B0421,927
22.609728,114.121268,0.000531528,B0422,928
22.571192,114.040503,0.000494642,B0423,929
23.132668,113.286578,0.000588232,B0424,930
22.581488,113.877354,0.000588232,B0425,703
22.681384,113.835816,0.000562022,B0426,549
22.626028,114.152468,0.000562022,B0427,931
23.439895,113.272345,0.000650986,B0428,415
23.142616,113.293306,0.000588232,B0429,932
23.279398,113.215721,0.000650986,B0430,527
22.553907,113.974574,0.000588232,B0431,933
22.573458,114.118823,0.000531528,B0432,934
23.112827,113.280243,0.000375847,B0433,598
22.991592,113.723135,0.000375847,B0434,66
23.333676,113.393497,0.000562022,B0435,321
22.537562,113.937039,0.000611344,B0436,725
22.608568,113.853501,0.000375847,B0437,110
23.223677,113.236506,0.000588232,B0438,935
23.101533,113.281233,0.000375847,B0439,599
22.539697,113.911861,0.000611344,B0440,675
22.521439,113.930063,0.000375847,B0441,67
22.541419,114.109829,0.000531528,B0442,936
22.521505,113.932276,0.000588232,B0443,676
23.41147,113.192208,0.000739663,B0444,259
22.586891,113.869516,0.000588232,B0445,704
23.105474,113.487867,0.000531528,B0446,600
22.537286,114.075432,0.000375847,B0447,260
22.54842,114.089112,0.000531528,B0448,937
22.67597,114.041621,0.000494642,B0449,938
23.122523,113.401998,0.000531528,B0450,939
22.656474,114.026536,0.000375847,B0451,197
22.69798,113.82128,0.000531528,B0452,501
23.168829,113.325786,0.000375847,B0453,677
22.65703,114.218155,0.000375847,B0454,222
23.214644,113.262955,0.000562022,B0455,940
23.192039,113.348428,0.000562022,B0456,941
22.566805,113.926733,0.000588232,B0457,705
22.557264,114.054618,0.000531528,B0458,942
23.136778,113.393584,0.000375847,B0459,528
23.102809,113.235305,0.000588232,B0460,943
23.349518,113.299053,0.000611344,B0461,529
22.716731,113.835882,0.000531528,B0462,617
22.767485,113.900599,0.000531528,B0463,641
23.126049,113.321041,0.000588232,B0464,944
23.061671,113.2262,0.000562022,B0465,945
23.138925,113.378918,0.000562022,B0466,946
22.726808,113.904246,0.000531528,B0467,678
22.681319,113.949623,0.000562022,B0468,947
22.606031,114.126707,0.000531528,B0469,948
22.760543,113.922454,0.000531528,B0470,656
23.117189,113.362763,0.000562022,B0471,949
21.498823,111.106315,0.000375847,B0472,38
22.794154,113.385011,0.000375847,B0473,39
22.622065,114.121736,0.000531528,B0474,950
22.538354,113.977801,0.000588232,B0475,951
23.108233,113.265912,0.000562022,B0476,952
23.098874,113.328971,0.000562022,B0477,953
22.752553,114.026436,0.000531528,B0478,618
23.149311,113.28236,0.000588232,B0479,954
22.619595,114.229209,0.000611344,B0480,657
22.559059,114.158556,0.000375847,B0481,223
22.694935,113.844956,0.000531528,B0482,601
23.115144,113.25955,0.000562022,B0483,955
22.637062,114.076561,0.000531528,B0484,956
23.017785,114.039199,0.000588232,B0485,322
22.869974,113.67508,0.000494642,B0486,350
22.86985,114.131288,0.000650986,B0487,68
22.801963,113.721845,0.000494642,B0488,291
23.121891,113.824454,0.00069953,B0489,416
23.065028,113.900075,0.00069953,B0490,224
22.92074,114.012363,0.000588232,B0491,292
22.79723,114.080272,0.000650986,B0492,69
23.041766,113.733323,0.000375847,B0493,70
22.983841,113.929266,0.000650986,B0494,261
23.037111,113.886441,0.000739663,B0495,262
23.048678,113.7786,0.000727014,B0496,550
22.811692,113.682766,0.000375847,B0497,71
22.883376,114.119983,0.000650986,B0498,111
22.938454,113.807922,0.000727014,B0499,351
22.877674,113.082808,0.000684478,B0500,140
23.230059,113.08838,0.000668361,B0501,40
22.91514,112.872049,0.000784692,B0502,72
23.002962,113.13325,0.000668361,B0503,767
23.054569,112.923115,0.000632097,B0504,141
22.906752,113.167485,0.000784692,B0505,168
22.946631,113.282171,0.000562022,B0506,530
22.877588,113.082854,0.000684478,B0507,142
22.908228,113.224487,0.000774157,B0508,198
22.963037,113.107354,0.000668361,B0509,803
22.743173,114.139952,0.000531528,B0510,957
22.602344,114.059629,0.000531528,B0511,958
22.665991,114.06549,0.000531528,B0512,959
22.913183,113.845955,0.000668361,B0513,263
22.801749,113.75284,0.000494642,B0514,551
22.949361,113.383475,0.000375847,B0515,73
22.67858,113.807474,0.000531528,B0516,658
23.198099,113.424046,0.000531528,B0517,960
23.118314,113.409231,0.000494642,B0518,961
22.523183,114.059483,0.000531528,B0519,962
23.107375,113.541189,0.00044696,B0520,417
22.985054,113.730621,0.000650986,B0521,679
23.226076,113.309537,0.000562022,B0522,963
23.117332,113.411635,0.000494642,B0523,964
23.142655,113.377527,0.000531528,B0524,965
22.571079,114.06153,0.000494642,B0525,966
23.101896,113.325889,0.000531528,B0526,967
22.590912,113.938085,0.000531528,B0527,968
23.477471,113.153309,0.00069953,B0528,225
23.102825,113.385889,0.000494642,B0529,969
22.764807,113.2973,0.000831886,B0530,169
23.062129,113.274549,0.000531528,B0531,970
23.06127,114.017925,0.000531528,B0532,293
23.465214,113.116516,0.00069953,B0533,264
23.10473,113.270301,0.000531528,B0534,971
23.125273,113.424431,0.000494642,B0535,972
22.616991,114.050323,0.000494642,B0536,973
23.467767,113.153265,0.000684478,B0537,323
23.308687,113.411452,0.000531528,B0538,383
23.007471,113.134428,0.000632097,B0539,974
22.578875,113.865793,0.000588232,B0540,804
22.754533,113.814188,0.00044696,B0541,781
22.70931,113.97225,0.000494642,B0542,975
22.960403,113.668769,0.000588232,B0543,572
22.660281,114.221429,0.000588232,B0544,976
23.131021,113.010393,0.000684478,B0545,170
22.84683,114.170494,0.000588232,B0546,143
23.076161,113.80713,0.000668361,B0547,642
23.038477,113.797326,0.000650986,B0548,726
23.021185,113.736371,0.000632097,B0549,782
22.987672,113.950727,0.000562022,B0550,502
23.133161,113.422087,0.000494642,B0551,977
22.691007,114.350423,0.000562022,B0552,384
22.683829,113.942915,0.000494642,B0553,978
22.965728,113.473636,0.000562022,B0554,294
23.404957,113.230019,0.000632097,B0555,531
22.664515,113.827217,0.000531528,B0556,979
22.699071,114.262472,0.000611344,B0557,643
23.219338,113.229506,0.000531528,B0558,980
22.537866,114.026688,0.000494642,B0559,981
22.571144,113.913206,0.000531528,B0560,982
22.532385,114.037147,0.00044696,B0561,983
23.158235,113.60728,0.00069953,B0562,144
22.80646,113.847029,0.000494642,B0563,680
22.74242,113.811259,0.00044696,B0564,805
22.609277,114.072487,0.000494642,B0565,984
22.597208,114.138971,0.000494642,B0566,985
23.075938,113.311626,0.000531528,B0567,986
23.477391,113.161711,0.000684478,B0568,352
23.194785,113.273758,0.000531528,B0569,987
22.634382,114.061367,0.000494642,B0570,988
23.131625,113.269593,0.000531528,B0571,989
22.679075,113.940527,0.000531528,B0572,990
22.540552,114.074406,0.000494642,B0573,991
22.620184,114.15286,0.000494642,B0574,992
22.678692,114.036315,0.000494642,B0575,993
23.13176,113.281256,0.000531528,B0576,994
23.105626,113.331857,0.000531528,B0577,995
23.232252,113.2174,0.000562022,B0578,996
23.250338,113.352783,0.000531528,B0579,997
22.557327,114.136246,0.000494642,B0580,998
22.684399,113.951052,0.000494642,B0581,999
22.569903,114.144945,0.000494642,B0582,1000
22.649654,113.917479,0.000494642,B0583,1001
23.40065,113.235188,0.000632097,B0584,532
22.756044,113.852766,0.000494642,B0585,1002
23.554402,113.585389,0.000751694,B0586,74
22.650392,114.052425,0.000494642,B0587,1003
23.553982,113.60336,0.000713669,B0588,75
22.727754,113.834037,0.000494642,B0589,1004
22.754612,114.235709,0.000632097,B0590,602
22.736548,113.815489,0.00044696,B0591,1005
23.125736,113.266832,0.000375847,B0592,783
22.603963,113.848492,0.000562022,B0593,1006
23.244184,113.232456,0.000562022,B0594,1007
23.279236,113.411627,0.00044696,B0595,706
23.205494,113.265774,0.000531528,B0596,1008
23.12206,113.400313,0.000494642,B0597,1009
23.027846,113.314994,0.000531528,B0598,1010
23.242655,113.260177,0.000531528,B0599,1011
23.29632,113.308569,0.000588232,B0600,1012
22.567565,114.134081,0.000494642,B0601,1013
23.537496,113.594134,0.000727014,B0602,76
22.631402,114.042737,0.00044696,B0603,1014
22.604214,114.136224,0.000494642,B0604,1015
22.607632,113.943851,0.000531528,B0605,1016
23.126541,113.634612,0.000632097,B0606,145
22.512119,113.937591,0.000562022,B0607,1017
22.635546,114.068196,0.000494642,B0608,1018
22.69665,114.334521,0.000588232,B0609,418
23.139733,113.367267,0.000531528,B0610,1019
22.58193,113.958801,0.000531528,B0611,1020
22.752829,114.028418,0.000494642,B0612,784
23.15676,113.588452,0.000531528,B0613,199
22.622402,114.081573,0.000494642,B0614,1021
23.049134,113.392069,0.000494642,B0615,1022
23.301305,113.83191,0.00044696,B0616,112
23.140659,113.328849,0.000531528,B0617,1023
22.566256,113.912736,0.000531528,B0618,1024
22.614646,114.120194,0.000494642,B0619,1025
22.702251,114.059494,0.000494642,B0620,1026
22.614975,114.149724,0.000494642,B0621,1027
23.390261,113.171529,0.000668361,B0622,419
22.520271,113.919056,0.000562022,B0623,1028
22.746363,113.795779,0.00044696,B0624,707
22.568192,113.904839,0.000531528,B0625,1029
23.093532,113.299083,0.000494642,B0626,1030
23.302272,113.365212,0.000562022,B0627,727
23.365917,113.408058,0.000562022,B0628,324
23.189998,113.256442,0.000531528,B0629,1031
22.543198,114.087865,0.000494642,B0630,1032
23.12757,113.258991,0.000531528,B0631,1033
23.141658,113.300051,0.000531528,B0632,1034
23.253257,113.362061,0.000531528,B0633,1035
23.170584,113.247355,0.000562022,B0634,1036
22.703833,114.093831,0.000494642,B0635,1037
22.654378,114.018598,0.00044696,B0636,1038
23.181904,113.274925,0.000531528,B0637,1039
22.574853,114.10472,0.000375847,B0638,552
22.609328,114.045171,0.00044696,B0639,1040
23.12484,113.428474,0.000494642,B0640,1041
22.682171,113.831826,0.000494642,B0641,785
22.678585,114.149829,0.000531528,B0642,1042
23.09955,113.258924,0.000494642,B0643,1043
23.1273,113.275742,0.000531528,B0644,1044
22.695318,114.284897,0.000632097,B0645,619
22.586047,114.118147,0.000494642,B0646,1045
22.791047,113.907786,0.000494642,B0647,768
23.137667,113.268607,0.000531528,B0648,1046
23.101714,113.237932,0.000531528,B0649,1047
23.089531,113.30354,0.000531528,B0650,1048
22.981732,113.508461,0.000588232,B0651,200
22.782427,113.899277,0.000494642,B0652,806
23.306762,113.272456,0.000611344,B0653,786
23.127909,113.429536,0.000494642,B0654,1049
22.68233,113.945186,0.000494642,B0655,1050
22.740512,113.798479,0.00044696,B0656,708
22.612742,114.130842,0.000494642,B0657,1051
23.245183,113.26699,0.000531528,B0658,1052
23.288104,113.624005,0.000611344,B0659,77
22.561428,113.915091,0.000531528,B0660,1053
22.648627,114.045759,0.00044696,B0661,1054
23.265167,113.30372,0.000531528,B0662,1055
22.731366,113.871288,0.000494642,B0663,1056
23.131497,113.263774,0.000531528,B0664,1057
23.291829,113.311527,0.000531528,B0665,1058
23.388053,113.209874,0.000650986,B0666,503
22.726154,114.31471,0.000611344,B0667,553
22.724083,113.83535,0.000494642,B0668,1059
22.641265,114.193002,0.000562022,B0669,1060
23.168946,113.387319,0.000494642,B0670,1061
22.779356,113.882517,0.000494642,B0671,1062
22.694786,114.363229,0.000531528,B0672,385
23.237748,113.291745,0.000531528,B0673,1063
22.935688,113.329537,0.000531528,B0674,620
23.177908,113.262563,0.000531528,B0675,1064
22.580536,113.927531,0.000531528,B0676,1065
23.013819,113.286347,0.000531528,B0677,1066
23.288,113.248435,0.000588232,B0678,1067
22.754333,113.825901,0.00044696,B0679,1068
23.193002,113.240517,0.000562022,B0680,1069
22.755268,113.901022,0.000494642,B0681,1070
22.585088,114.125167,0.000494642,B0682,1071
23.136657,113.394102,0.000494642,B0683,1072
23.128267,113.288356,0.000375847,B0684,1073
23.076328,113.187407,0.000562022,B0685,1074
23.139008,113.38467,0.000494642,B0686,1075
22.60748,113.857353,0.000562022,B0687,1076
23.048494,113.318613,0.000494642,B0688,1077
23.103755,113.45262,0.000494642,B0689,1078
22.735653,113.868736,0.000494642,B0690,1079
23.110975,113.284901,0.000494642,B0691,1080
23.127649,113.568156,0.00044696,B0692,353
23.170743,113.495516,0.00044696,B0693,659
22.546207,113.923499,0.000562022,B0694,1081
22.647318,113.934592,0.000494642,B0695,1082
23.361475,113.154206,0.000668361,B0696,295
23.164795,113.215376,0.000562022,B0697,1083
23.124025,113.252196,0.000531528,B0698,1084
22.632325,114.153114,0.000531528,B0699,1085
23.154271,113.508727,0.00044696,B0700,573
22.690644,113.929849,0.000494642,B0701,1086
22.699048,114.00616,0.00044696,B0702,1087
23.082555,113.340246,0.000531528,B0703,1088
22.738389,114.017535,0.000494642,B0704,1089
23.224812,113.278725,0.000531528,B0705,1090
23.340888,113.302796,0.000562022,B0706,621
22.624755,114.042832,0.00044696,B0707,1091
22.70128,114.228322,0.000375847,B0708,201
23.033092,113.343921,0.000531528,B0709,1092
22.639714,113.938853,0.000494642,B0710,1093
22.786051,113.932075,0.000494642,B0711,622
22.558162,113.953527,0.000531528,B0712,1094
22.642813,114.199652,0.000562022,B0713,1095
23.341603,113.308408,0.000562022,B0714,623
22.555692,114.146998,0.000375847,B0715,444
22.693729,114.003967,0.00044696,B0716,1096
22.752358,114.047006,0.000494642,B0717,728
23.014123,113.330912,0.000531528,B0718,1097
23.030732,113.318917,0.000531528,B0719,1098
23.151654,113.326654,0.000531528,B0720,1099
23.129766,113.418898,0.000494642,B0721,1100
23.180843,113.266661,0.000531528,B0722,1101
23.018796,113.341028,0.000531528,B0723,1102
23.130774,113.286409,0.000531528,B0724,1103
22.580654,113.920649,0.000531528,B0725,1104
22.708679,114.090291,0.000494642,B0726,1105
23.16337,113.257362,0.000531528,B0727,1106
23.12316,113.354538,0.000375847,B0728,1107
22.69621,113.826622,0.000494642,B0729,747
22.756527,114.259536,0.000632097,B0730,574
22.966895,113.403471,0.00044696,B0731,709
23.126749,113.363538,0.000531528,B0732,1108
23.508004,113.686901,0.000727014,B0733,78
22.731757,114.07134,0.000494642,B0734,1109
22.536229,114.027799,0.000494642,B0735,1110
23.531128,113.615273,0.000727014,B0736,79
23.093789,113.271795,0.000375847,B0737,769
22.698637,114.125143,0.000494642,B0738,1111
22.706283,114.089857,0.000494642,B0739,1112
22.774768,113.866064,0.000494642,B0740,1113
22.679928,113.837129,0.000531528,B0741,807
22.728433,114.304924,0.000611344,B0742,603
22.54748,113.974087,0.000531528,B0743,1114
23.062979,113.365235,0.000494642,B0744,1115
22.607519,114.064577,0.000494642,B0745,1116
22.673135,114.008872,0.00044696,B0746,1117
23.284708,113.852383,0.00044696,B0747,113
23.020387,113.330951,0.000531528,B0748,1118
22.740158,114.043842,0.000494642,B0749,1119
22.73341,114.287038,0.000611344,B0750,575
22.524376,113.949325,0.000531528,B0751,1120
22.534015,114.067836,0.000494642,B0752,1121
22.789535,113.933072,0.000494642,B0753,576
22.722281,113.919227,0.000494642,B0754,1122
23.09882,113.340249,0.000494642,B0755,1123
23.128006,113.404252,0.000494642,B0756,1124
23.049124,113.399401,0.000494642,B0757,1125
22.687897,114.114036,0.000494642,B0758,1126
23.022658,113.353567,0.000531528,B0759,1127
22.645555,114.231645,0.000588232,B0760,1128
22.638425,114.021881,0.00044696,B0761,1129
22.547653,113.977755,0.000531528,B0762,1130
23.40466,113.23289,0.000632097,B0763,533
22.53251,114.070865,0.000494642,B0764,1131
22.938598,113.349263,0.000531528,B0765,624
22.70193,113.83187,0.000494642,B0766,1132
23.279593,113.830218,0.00044696,B0767,114
22.676134,114.031314,0.00044696,B0768,1133
22.626184,114.157752,0.000531528,B0769,1134
23.168598,113.331828,0.000531528,B0770,1135
23.183208,113.242859,0.000562022,B0771,1136
22.676906,113.940583,0.000494642,B0772,1137
23.401581,113.212429,0.000650986,B0773,504
23.114422,113.626196,0.000632097,B0774,146
22.538407,113.924318,0.000562022,B0775,1138
22.710917,113.820502,0.00044696,B0776,808
22.618443,114.168494,0.000494642,B0777,1139
23.220429,113.382545,0.000494642,B0778,1140
22.729748,114.269511,0.000611344,B0779,604
22.978106,113.433893,0.000531528,B0780,534
23.084767,113.238996,0.000531528,B0781,1141
23.203614,113.260304,0.000531528,B0782,1142
23.121292,113.401779,0.000494642,B0783,1143
22.551115,114.019498,0.000494642,B0784,1144
22.712053,114.319532,0.000611344,B0785,577
22.552028,114.134689,0.000494642,B0786,1145
23.082187,113.23245,0.000375847,B0787,505
22.762867,113.805277,0.00044696,B0788,770
23.044102,113.341251,0.000494642,B0789,1146
22.625556,114.118522,0.000494642,B0790,1147
23.639637,113.685956,0.000840419,B0791,80
22.709856,114.279051,0.000611344,B0792,625
23.108546,113.283064,0.000375847,B0793,1148
22.745954,114.400805,0.000588232,B0794,171
22.516794,113.928555,0.000562022,B0795,1149
23.148217,113.293311,0.000375847,B0796,1150
23.070767,113.315198,0.000531528,B0797,1151
22.55693,114.13561,0.000375847,B0798,476
22.778588,113.822878,0.00044696,B0799,787
22.622372,114.032724,0.00044696,B0800,1152
22.549686,114.096624,0.000494642,B0801,1153
23.284194,113.251466,0.000531528,B0802,1154
22.66355,114.113317,0.000494642,B0803,1155
23.131877,113.467281,0.00044696,B0804,1156
22.679938,113.944084,0.000494642,B0805,1157
22.779912,113.90617,0.000494642,B0806,1158
22.759359,113.923425,0.000494642,B0807,1159
23.373447,113.305572,0.000588232,B0808,578
22.656834,114.038863,0.00044696,B0809,1160
23.172054,113.38756,0.000494642,B0810,1161
23.216805,113.382687,0.000494642,B0811,1162
22.997366,113.313271,0.000531528,B0812,1163
23.164808,113.215426,0.000562022,B0813,1164
22.958694,113.378083,0.000494642,B0814,710
22.64647,114.009748,0.000375847,B0815,420
23.168364,113.39024,0.000494642,B0816,1165
23.223223,113.295469,0.000531528,B0817,1166
22.525774,114.055684,0.000494642,B0818,1167
22.66124,114.057298,0.000494642,B0819,1168
23.197384,113.396439,0.000494642,B0820,1169
23.12836,113.615803,0.000611344,B0821,147
23.12486,113.253212,0.000531528,B0822,1170
23.103519,113.375663,0.000494642,B0823,1171
22.926225,113.348035,0.000562022,B0824,579
22.742155,113.813455,0.00044696,B0825,1172
22.566204,114.178992,0.000494642,B0826,1173
23.16291,113.227189,0.000562022,B0827,1174
22.721231,113.849567,0.000494642,B0828,1175
23.156647,113.267766,0.000531528,B0829,1176
23.113143,113.555107,0.000375847,B0830,477
22.57103,114.063042,0.000494642,B0831,1177
22.735161,114.301889,0.000611344,B0832,605
22.555127,113.908594,0.000531528,B0833,1178
23.184956,113.460672,0.000494642,B0834,1179
23.295999,113.845671,0.00044696,B0835,115
23.270543,113.303712,0.000531528,B0836,1180
22.538329,113.924539,0.000562022,B0837,1181
22.642307,114.029399,0.00044696,B0838,1182
23.01609,113.393033,0.000494642,B0839,1183
23.171037,113.385506,0.000494642,B0840,1184
22.800386,113.539775,0.000727014,B0841,81
22.700297,113.801039,0.00044696,B0842,644
23.261005,113.256467,0.000562022,B0843,1185
23.091569,113.270582,0.000531528,B0844,1186
22.663852,114.130825,0.000494642,B0845,1187
22.77973,113.915323,0.000494642,B0846,788
22.756618,113.846842,0.000494642,B0847,1188
22.64224,113.869264,0.000494642,B0848,1189
23.084662,113.247408,0.000531528,B0849,1190
22.584579,114.145883,0.000494642,B0850,1191
22.787472,113.890185,0.00044696,B0851,809
22.586445,113.960953,0.000531528,B0852,1192
22.678681,113.944954,0.000494642,B0853,1193
23.248745,113.361607,0.000531528,B0854,1194
22.6972,113.799259,0.00044696,B0855,580
23.09451,113.537448,0.00044696,B0856,506
23.130577,113.386125,0.000494642,B0857,1195
22.954478,113.370849,0.000494642,B0858,681
22.676292,113.828809,0.000531528,B0859,1196
22.784529,113.834508,0.00044696,B0860,789
22.655615,114.222082,0.000588232,B0861,1197
22.54097,114.08679,0.000494642,B0862,1198
22.938138,113.362741,0.000494642,B0863,626
23.173079,113.245933,0.000562022,B0864,1199
22.586528,113.948302,0.000531528,B0865,1200
22.762379,113.817014,0.00044696,B0866,810
22.810214,113.868431,0.00044696,B0867,645
22.597324,113.995329,0.000494642,B0868,1201
23.168041,113.390831,0.000494642,B0869,1202
23.190597,113.250874,0.000531528,B0870,1203
23.287881,113.835972,0.00044696,B0871,116
22.677101,114.230887,0.000588232,B0872,811
23.108864,113.456471,0.000494642,B0873,1204
23.386228,113.233157,0.000632097,B0874,554
23.042904,113.339694,0.000531528,B0875,1205
23.442247,113.327238,0.000531528,B0876,325
22.619962,114.043372,0.00044696,B0877,1206
22.642208,113.86914,0.000494642,B0878,1207
23.191428,113.253969,0.000531528,B0879,1208
22.68864,114.003932,0.00044696,B0880,1209
22.551636,114.125041,0.000375847,B0881,478
23.124957,113.285162,0.000375847,B0882,1210
22.734044,113.812878,0.00044696,B0883,812
22.736067,113.911396,0.00044696,B0884,1211
22.759419,113.907008,0.000494642,B0885,1212
23.241216,113.281205,0.000531528,B0886,1213
22.690289,113.944985,0.000494642,B0887,1214
23.107343,113.284026,0.000375847,B0888,1215
23.470746,113.186345,0.000668361,B0889,445
23.238645,113.307791,0.000531528,B0890,1216
23.124216,113.258174,0.000531528,B0891,1217
23.229363,113.291914,0.000531528,B0892,1218
22.548557,113.940969,0.000562022,B0893,1219
23.162649,113.440314,0.00044696,B0894,1220
23.204412,113.372148,0.000494642,B0895,1221
23.110531,113.300917,0.000375847,B0896,1222
22.553436,114.005421,0.000375847,B0897,446
23.124737,113.411019,0.000494642,B0898,1223
22.513896,113.934727,0.000562022,B0899,1224
23.11221,113.271012,0.000531528,B0900,1225
22.567904,114.179201,0.000494642,B0901,1226
23.14151,113.550662,0.00044696,B0902,421
22.579349,113.930947,0.000531528,B0903,1227
22.946099,113.402232,0.000494642,B0904,627
23.110309,113.422985,0.000494642,B0905,1228
23.414427,113.717294,0.000611344,B0906,41
22.607706,114.042056,0.00044696,B0907,1229
22.744411,114.027775,0.000494642,B0908,1230
22.658557,114.013122,0.00044696,B0909,1231
23.176911,113.244812,0.000375847,B0910,748
23.140153,113.23236,0.000562022,B0911,1232
22.953789,113.35024,0.000494642,B0912,660
23.087559,113.330808,0.000531528,B0913,1233
23.150449,113.234368,0.000562022,B0914,1234
23.075933,113.279275,0.000531528,B0915,1235
23.141711,113.300112,0.000531528,B0916,1236
22.743096,113.853538,0.000494642,B0917,1237
23.19419,113.341465,0.000531528,B0918,1238
23.292706,113.302792,0.000588232,B0919,1239
22.669292,114.021914,0.00044696,B0920,1240
22.645539,114.043661,0.00044696,B0921,1241
22.689654,114.089125,0.000494642,B0922,1242
23.197087,113.272624,0.000531528,B0923,1243
22.608405,114.131808,0.000494642,B0924,1244
23.161889,113.311327,0.000531528,B0925,1245
22.762261,113.803356,0.00044696,B0926,749
22.762335,113.932282,0.00044696,B0927,1246
23.197231,113.265481,0.000531528,B0928,1247
22.796075,113.952992,0.000494642,B0929,447
23.176051,113.664926,0.000763173,B0930,42
23.147242,113.349043,0.000531528,B0931,1248
23.143869,113.433006,0.000494642,B0932,1249
23.279898,113.306788,0.000531528,B0933,1250
22.604255,113.889285,0.000531528,B0934,1251
22.57019,114.503161,0.000375847,B0935,82
23.067267,113.399145,0.000494642,B0936,1252
22.697286,113.788603,0.00044696,B0937,581
22.753515,113.857615,0.000494642,B0938,1253
22.7529,113.792718,0.00044696,B0939,711
22.967507,113.338308,0.000494642,B0940,729
23.063067,113.346537,0.000494642,B0941,1254
22.694308,113.798991,0.00044696,B0942,555
22.807539,113.892801,0.000494642,B0943,646
23.137376,113.338695,0.000531528,B0944,1255
23.202991,113.374881,0.000494642,B0945,1256
23.116361,113.226914,0.000531528,B0946,1257
22.501452,113.938755,0.000562022,B0947,1258
22.731251,114.100123,0.000494642,B0948,1259
22.736324,114.38671,0.000531528,B0949,265
23.47321,113.249584,0.000650986,B0950,448
23.089764,113.308813,0.000531528,B0951,1260
22.789134,113.388964,0.000831886,B0952,117
22.779628,113.914864,0.000494642,B0953,813
22.69716,114.047236,0.000494642,B0954,1261
23.355278,113.392335,0.000494642,B0955,449
23.208776,113.334099,0.000531528,B0956,1262
23.389134,113.216845,0.000632097,B0957,507
23.138844,113.579964,0.000494642,B0958,326
23.047007,113.337859,0.000494642,B0959,1263
23.202989,113.263381,0.000375847,B0960,712
23.179264,113.714935,0.000684478,B0961,83
22.616995,114.046901,0.000375847,B0962,556
22.954901,113.379857,0.000494642,B0963,682
22.682951,114.010378,0.00044696,B0964,1264
22.661587,114.074426,0.000494642,B0965,1265
22.568124,114.045091,0.00044696,B0966,1266
23.113131,113.449036,0.000494642,B0967,1267
22.585884,113.86968,0.000531528,B0968,1268
23.134618,113.386783,0.000494642,B0969,1269
22.985368,113.322854,0.000531528,B0970,1270
23.476614,113.239899,0.000650986,B0971,450
22.580875,113.907313,0.000531528,B0972,1271
23.12403,113.254495,0.000531528,B0973,1272
23.5314,113.592978,0.000727014,B0974,84
22.70298,113.84264,0.00044696,B0975,1273
22.643898,114.076399,0.000494642,B0976,1274
22.66513,114.238248,0.000611344,B0977,750
22.788478,113.889537,0.00044696,B0978,814
23.169018,113.38727,0.000494642,B0979,1275
22.708088,114.064351,0.000494642,B0980,1276
23.118132,113.364511,0.000494642,B0981,1277
22.755773,113.912015,0.000494642,B0982,1278
22.616425,114.118359,0.000494642,B0983,1279
22.590953,113.957013,0.000531528,B0984,1280
23.30995,113.237874,0.000611344,B0985,713
22.678822,114.034685,0.000494642,B0986,1281
22.524293,113.949363,0.000531528,B0987,1282
22.695136,113.948254,0.000494642,B0988,1283
23.474501,113.238583,0.000650986,B0989,451
22.56647,114.110719,0.000494642,B0990,1284
23.27411,113.32869,0.000531528,B0991,1285
22.725041,114.299771,0.000611344,B0992,628
22.964123,113.283207,0.000494642,B0993,730
22.659687,114.008433,0.00044696,B0994,1286
22.946646,113.364742,0.000494642,B0995,629
23.11545,113.418224,0.000375847,B0996,630
22.695095,113.815392,0.00044696,B0997,683
22.770166,113.850591,0.000494642,B0998,1287
23.137149,113.279169,0.000531528,B0999,1288
22.566717,113.926536,0.000562022,B1000,1289
22.940616,113.360372,0.000494642,B1001,631
22.498771,113.895248,0.000562022,B1002,1290
22.77798,114.081248,0.000588232,B1003,296
23.000144,113.91974,0.000611344,B1004,508
22.805936,113.741026,0.00044696,B1005,557
22.743062,114.118197,0.000531528,B1006,684
22.903224,113.816181,0.000588232,B1007,327
22.804772,113.74753,0.00044696,B1008,582
22.969322,113.70557,0.000611344,B1009,790
22.979086,113.982372,0.000531528,B1010,535
22.803661,113.812394,0.00044696,B1011,647
23.022548,113.928423,0.000611344,B1012,422
22.823812,113.799767,0.00044696,B1013,509
22.77245,114.067428,0.000562022,B1014,354
22.938265,113.625489,0.000562022,B1015,355
22.778125,113.751863,0.00044696,B1016,714
22.802223,114.102635,0.000588232,B1017,226
22.925,113.631691,0.000562022,B1018,452
22.841605,114.090852,0.000588232,B1019,297
22.891166,113.826767,0.000531528,B1020,453
22.700646,114.16965,0.000531528,B1021,1291
22.95593,113.662486,0.000562022,B1022,606
22.954645,113.911108,0.000588232,B1023,454
22.795295,113.760692,0.00044696,B1024,661
23.083141,113.767028,0.000668361,B1025,662
23.101657,113.874529,0.00069953,B1026,455
22.926463,114.037365,0.000562022,B1027,386
22.93,113.837293,0.000650986,B1028,356
22.877114,114.095352,0.000611344,B1029,328
22.709582,114.177666,0.000531528,B1030,1292
22.886224,114.007398,0.000588232,B1031,357
23.003847,113.784079,0.000668361,B1032,715
22.993739,113.87697,0.00069953,B1033,479
22.815683,113.682839,0.00044696,B1034,298
22.879447,113.824912,0.000494642,B1035,456
23.114369,113.831847,0.000650986,B1036,607
22.980098,113.86381,0.000650986,B1037,608
23.059838,113.771276,0.000668361,B1038,685
23.036206,113.772804,0.000668361,B1039,731
22.822065,114.189993,0.000650986,B1040,227
22.786421,113.740693,0.00044696,B1041,632
23.020809,113.949274,0.000562022,B1042,480
22.994115,113.992473,0.000562022,B1043,423
23.009599,113.706808,0.000611344,B1044,771
23.076711,113.969625,0.000562022,B1045,329
22.809754,114.081164,0.000611344,B1046,202
22.944554,113.866188,0.000668361,B1047,358
22.811167,113.724467,0.00044696,B1048,457
22.826964,114.108587,0.000588232,B1049,266
22.780789,114.118719,0.000588232,B1050,203
22.822234,113.755233,0.00044696,B1051,558
22.764935,114.084304,0.000562022,B1052,510
22.80565,113.740898,0.00044696,B1053,559
23.037027,113.797487,0.000650986,B1054,791
23.020852,113.984484,0.000562022,B1055,481
22.915173,113.980395,0.000562022,B1056,458
22.935573,113.636469,0.000562022,B1057,482
22.768697,113.798912,0.00044696,B1058,686
23.031772,114.092653,0.000531528,B1059,267
22.976751,113.760212,0.000650986,B1060,792
22.954993,113.911264,0.000588232,B1061,459
22.813272,114.090229,0.000588232,B1062,228
22.937475,113.712295,0.000632097,B1063,583
23.106108,113.97324,0.000588232,B1064,172
22.897119,113.852208,0.000562022,B1065,387
22.768174,113.799205,0.00044696,B1066,687
22.770692,113.789215,0.00044696,B1067,716
22.95963,113.700828,0.000588232,B1068,732
22.733944,114.116544,0.000531528,B1069,772
22.814651,113.793246,0.00044696,B1070,560
22.840164,114.200168,0.000632097,B1071,173
23.041115,114.013836,0.000562022,B1072,330
22.954792,113.920758,0.000562022,B1073,511
23.052802,113.75171,0.000650986,B1074,751
22.832463,113.680066,0.00044696,B1075,299
22.900153,113.863877,0.000562022,B1076,331
23.12442,113.885572,0.000713669,B1077,332
22.775498,113.757734,0.00044696,B1078,733
22.806587,113.837543,0.000494642,B1079,688
22.829263,113.812398,0.00044696,B1080,584
22.92664,113.983376,0.000531528,B1081,460
22.732519,114.135313,0.000531528,B1082,773
23.055013,113.744351,0.000632097,B1083,774
22.799161,114.082389,0.000588232,B1084,229
22.93524,113.712423,0.000632097,B1085,585
23.023463,113.747246,0.000632097,B1086,1293
23.035179,113.799057,0.000650986,B1087,793
23.06617,113.718616,0.000632097,B1088,663
22.729495,114.204233,0.000611344,B1089,689
22.91217,113.621716,0.000562022,B1090,388
23.112146,113.79086,0.000668361,B1091,609
22.831608,114.113402,0.000588232,B1092,204
22.997915,113.897973,0.000684478,B1093,389
22.739625,114.161596,0.000588232,B1094,512
23.104527,113.867865,0.000650986,B1095,536
23.044151,113.780224,0.000668361,B1096,690
22.825356,113.736257,0.00044696,B1097,513
22.985615,113.953996,0.000562022,B1098,514
22.972278,114.035429,0.000562022,B1099,390
22.898636,113.923088,0.000531528,B1100,483
23.046573,113.786543,0.000650986,B1101,752
23.010499,114.022416,0.000562022,B1102,424
23.012182,113.71556,0.000611344,B1103,1294
23.032352,113.885701,0.000684478,B1104,484
22.852086,113.72698,0.00044696,B1105,515
23.011314,114.102109,0.000588232,B1106,230
22.961579,113.67718,0.000562022,B1107,691
22.974824,113.988868,0.000531528,B1108,461
22.926663,113.935444,0.000562022,B1109,462
22.954846,113.935392,0.000562022,B1110,485
22.799794,113.67304,0.00044696,B1111,300
22.961275,113.889792,0.000650986,B1112,359
23.055543,113.548862,0.00044696,B1113,486
23.037388,113.784323,0.000668361,B1114,734
23.074947,113.696184,0.000611344,B1115,633
22.801112,114.072281,0.000588232,B1116,231
22.814671,113.795105,0.00044696,B1117,561
23.092249,113.82953,0.000650986,B1118,664
23.093876,113.784144,0.000668361,B1119,634
23.027349,114.05203,0.000531528,B1120,268
23.070079,113.878506,0.00069953,B1121,425
22.771301,113.79212,0.00044696,B1122,717
22.895069,113.634534,0.000562022,B1123,426
22.960469,114.04255,0.000531528,B1124,391
22.905706,113.819436,0.000588232,B1125,333
22.984608,113.955644,0.000562022,B1126,516
22.811372,113.796521,0.00044696,B1127,537
22.953944,113.977261,0.000531528,B1128,487
22.998147,113.923586,0.000611344,B1129,517
22.932349,113.870064,0.000650986,B1130,301
22.917688,114.090245,0.000531528,B1131,427
22.920828,113.667761,0.000562022,B1132,562
22.815166,114.16122,0.000632097,B1133,174
22.813131,113.693021,0.00044696,B1134,302
22.772376,114.07461,0.000588232,B1135,360
23.039387,113.749698,0.000650986,B1136,753
22.849592,113.709954,0.00044696,B1137,428
23.013723,113.767861,0.000650986,B1138,775
22.913478,114.007215,0.000562022,B1139,392
22.813916,113.81585,0.00044696,B1140,665
23.091486,113.733677,0.000632097,B1141,648
23.018409,113.931099,0.000611344,B1142,488
23.061404,113.745668,0.000650986,B1143,735
22.857311,114.16751,0.000588232,B1144,175
22.745632,114.132189,0.000531528,B1145,635
23.039652,113.793757,0.000650986,B1146,754
22.821741,113.796559,0.00044696,B1147,538
22.996231,113.842775,0.000632097,B1148,692
22.849609,113.635105,0.000494642,B1149,303
22.845934,113.677471,0.00044696,B1150,393
22.921877,113.970559,0.000531528,B1151,463
22.797837,113.7765,0.00044696,B1152,649
23.047683,113.965833,0.000531528,B1153,464
22.799248,113.734852,0.00044696,B1154,539
22.828959,114.219065,0.000650986,B1155,304
22.988497,114.020475,0.000562022,B1156,394
23.031403,113.998336,0.000562022,B1157,361
22.747349,114.11389,0.000531528,B1158,693
23.028009,113.924963,0.000611344,B1159,465
22.823346,114.190013,0.000650986,B1160,232
22.979523,113.868991,0.000684478,B1161,540
22.926757,113.931721,0.000562022,B1162,429
22.778333,114.041517,0.000531528,B1163,430
23.041146,113.793387,0.000650986,B1164,755
22.861333,112.713124,0.000650986,B1165,43
22.862543,113.140443,0.000650986,B1166,205
23.097502,112.983289,0.000632097,B1167,269
23.206301,113.090166,0.000632097,B1168,233
22.783929,113.280208,0.000864571,B1169,148
23.176257,112.84429,0.000562022,B1170,176
23.044896,113.134245,0.000632097,B1171,1295
23.028507,113.205598,0.000588232,B1172,1296
22.95841,113.083468,0.000611344,B1173,1297
22.870735,113.070645,0.000632097,B1174,270
23.031824,113.131483,0.000375847,B1175,118
23.199288,112.862711,0.000611344,B1176,149
23.044966,113.070853,0.000632097,B1177,1298
22.828449,113.186879,0.000794819,B1178,150
22.957645,113.046727,0.000375847,B1179,85
22.90844,113.084222,0.000650986,B1180,466
22.851031,113.208916,0.000774157,B1181,234
22.945842,112.992485,0.000650986,B1182,305
22.886559,112.815505,0.000840419,B1183,86
22.865052,113.012977,0.000494642,B1184,271
23.218288,113.124721,0.000562022,B1185,206
22.924002,113.078846,0.000650986,B1186,586
23.10474,113.185962,0.000562022,B1187,1299
23.064156,113.132635,0.000632097,B1188,1300
22.946046,113.093371,0.000632097,B1189,1301
23.018008,112.928569,0.000588232,B1190,177
23.062639,113.085754,0.000632097,B1191,1302
23.081462,112.963963,0.000611344,B1192,272
23.158548,113.097191,0.000632097,B1193,362
22.890848,112.908035,0.000727014,B1194,119
22.910516,113.222848,0.000713669,B1195,395
22.837338,113.269796,0.000813986,B1196,178
23.217125,113.193624,0.000562022,B1197,1303
23.035598,113.072124,0.000632097,B1198,1304
23.131878,113.152314,0.000588232,B1199,1305
22.950558,113.200507,0.000632097,B1200,756
22.746692,113.269884,0.000804574,B1201,235
23.20048,113.126703,0.000588232,B1202,273
22.811849,113.145181,0.000650986,B1203,207
23.054558,113.077375,0.000632097,B1204,1306
23.187784,113.171703,0.000562022,B1205,1307
22.976627,113.224839,0.000531528,B1206,1308
23.045332,113.177387,0.000562022,B1207,1309
22.861972,113.174019,0.000727014,B1208,208
23.176661,113.010389,0.000668361,B1209,120
23.029895,113.18301,0.000611344,B1210,1310
23.031897,113.198752,0.000562022,B1211,1311
23.063001,112.952244,0.000562022,B1212,236
23.03844,113.124528,0.000632097,B1213,1312
23.242116,113.113577,0.000650986,B1214,87
23.1013,113.185484,0.000562022,B1215,1313
23.11445,113.186448,0.000562022,B1216,1314
23.068396,113.18246,0.000562022,B1217,1315
23.039637,113.113535,0.000375847,B1218,121
22.966175,113.092774,0.000632097,B1219,1316
22.849746,113.011734,0.000494642,B1220,209
23.091763,113.003852,0.000632097,B1221,306
23.067008,112.967578,0.000588232,B1222,274
22.905481,113.09496,0.000650986,B1223,396
22.922027,113.22959,0.000713669,B1224,363
22.77301,113.262919,0.000823082,B1225,210
22.896958,113.046817,0.000650986,B1226,307
22.873854,113.080458,0.000632097,B1227,275
23.09287,113.196772,0.000562022,B1228,1317
22.833412,113.222219,0.000813986,B1229,179
23.187311,113.15181,0.000611344,B1230,610
23.181887,112.963401,0.000562022,B1231,211
22.918387,113.083775,0.000668361,B1232,541
23.041151,113.116029,0.000632097,B1233,1318
23.028549,113.108267,0.000632097,B1234,1319
23.140438,113.029602,0.000668361,B1235,237
23.03649,113.151936,0.000611344,B1236,1320
23.049063,113.162249,0.000588232,B1237,1321
23.256482,113.157934,0.000588232,B1238,364
23.024469,113.123242,0.000632097,B1239,1322
22.787911,113.123442,0.000684478,B1240,151
23.089051,112.953818,0.000588232,B1241,238
22.882888,113.079766,0.000611344,B1242,308
23.181886,112.960073,0.000562022,B1243,212
22.875004,112.960342,0.000531528,B1244,180
22.841984,112.623743,0.000611344,B1245,44
23.146479,113.16745,0.000562022,B1246,1323
23.025707,113.201287,0.000611344,B1247,1324
23.159015,113.175273,0.000562022,B1248,1325
23.078122,113.106922,0.000632097,B1249,1326
22.992381,113.205443,0.000588232,B1250,1327
22.907445,113.166922,0.000713669,B1251,397
23.279771,112.95282,0.000611344,B1252,45
23.047825,112.892575,0.000562022,B1253,122
23.032175,113.058428,0.000632097,B1254,1328
23.14642,112.964127,0.000588232,B1255,276
23.119823,113.209463,0.000562022,B1256,1329
22.841116,114.108676,0.000588232,B1257,277
22.925371,112.924259,0.000713669,B1258,152
23.001247,113.072967,0.000632097,B1259,1330
23.037019,113.134502,0.000632097,B1260,1331
22.547083,113.963737,0.000531528,B1261,1332
22.623677,114.117077,0.000494642,B1262,1333
22.519363,113.920024,0.000531528,B1263,1334
23.585306,113.524752,0.000684478,B1264,278
23.1972,113.341247,0.000531528,B1265,1335
23.264825,113.78339,0.00044696,B1266,309
23.378745,113.451695,0.000494642,B1267,431
23.235479,113.310501,0.000531528,B1268,1336
22.989233,114.015563,0.000562022,B1269,1337
22.840749,113.713928,0.00044696,B1270,1338
23.019999,113.304801,0.000531528,B1271,1339
22.771888,114.087366,0.000562022,B1272,1340
23.114535,113.359365,0.000375847,B1273,1341
23.113707,113.194624,0.000562022,B1274,1342
22.620784,114.142396,0.000494642,B1275,1343
23.233479,113.273647,0.000531528,B1276,1344
23.165246,113.229868,0.000531528,B1277,1345
22.947583,113.155394,0.000611344,B1278,1346
23.552925,113.59388,0.000684478,B1279,334
23.006205,113.125956,0.000588232,B1280,1347
23.109573,113.189996,0.000531528,B1281,1348
23.103535,113.239467,0.000494642,B1282,1349
23.115734,113.284565,0.000494642,B1283,1350
22.662717,113.868257,0.000494642,B1284,1351
22.715165,114.16351,0.000494642,B1285,1352
22.711769,114.233943,0.000562022,B1286,1353
23.179127,113.232607,0.000494642,B1287,1354
22.959082,113.688505,0.000531528,B1288,1355
23.04612,113.77029,0.000611344,B1289,1356
23.17939,113.232624,0.000494642,B1290,1357
22.677596,113.943079,0.000375847,B1291,310
23.11535,113.287375,0.00044696,B1292,1358
23.138009,113.339948,0.000494642,B1293,1359
22.648431,114.025186,0.000375847,B1294,1360
23.189477,112.9031,0.000494642,B1295,365
23.346159,113.291179,0.000494642,B1296,1361
22.934163,113.661179,0.000531528,B1297,1362
23.197974,113.362159,0.00044696,B1298,1363
23.207299,113.219847,0.000494642,B1299,1364
22.732855,113.913579,0.000375847,B1300,1365
23.095291,113.268316,0.00044696,B1301,1366
22.751659,113.798215,0.000375847,B1302,1367
23.005873,113.941863,0.000494642,B1303,1368
23.132753,113.389921,0.00044696,B1304,1369
22.541893,114.104769,0.00044696,B1305,1370
22.783063,113.883553,0.000375847,B1306,1371
22.801885,113.809194,0.000375847,B1307,1372
23.140609,113.276638,0.00044696,B1308,1373
22.736689,114.014507,0.000375847,B1309,1374
23.114157,113.861517,0.000531528,B1310,1375
23.076772,113.285325,0.00044696,B1311,1376
23.185425,113.328208,0.00044696,B1312,1377
23.081575,113.255523,0.00044696,B1313,1378
22.9547,113.380502,0.000375847,B1314,1379
22.838986,113.19525,0.000668361,B1315,563
23.235565,113.313338,0.00044696,B1316,1380
23.114962,113.550644,0.000375847,B1317,815
22.616369,114.169655,0.00044696,B1318,1381
22.943723,113.092554,0.000494642,B1319,1382
23.136097,113.391523,0.000375847,B1320,1383
23.081941,113.340145,0.00044696,B1321,1384
22.688487,113.950857,0.000375847,B1322,1385
22.538541,114.017808,0.000375847,B1323,1386
23.151366,113.33294,0.00044696,B1324,1387
22.981142,113.319482,0.00044696,B1325,1388
22.642198,114.057303,0.000375847,B1326,1389
23.202877,113.224004,0.00044696,B1327,1390
23.135027,113.391975,0.000375847,B1328,1391
23.09353,113.97741,0.00044696,B1329,1392
22.900134,112.901647,0.000588232,B1330,279
22.99176,113.884259,0.000562022,B1331,1393
22.594962,114.131239,0.000375847,B1332,1394
22.691853,113.793094,0.000375847,B1333,1395
22.567707,114.119228,0.000375847,B1334,1396
23.114022,113.287397,0.000375847,B1335,1397
23.12621,113.264437,0.000375847,B1336,1398
23.262857,113.362453,0.000375847,B1337,1399
23.1394,113.329564,0.000375847,B1338,1400
22.653325,114.055072,0.000375847,B1339,1401
23.150466,113.2571,0.000375847,B1340,1402
23.142575,113.459695,0.000375847,B1341,1403
22.666216,113.870892,0.000375847,B1342,1404
22.591455,113.85078,0.00044696,B1343,1405
22.557764,114.053106,0.000375847,B1344,1406
23.176335,113.278514,0.000375847,B1345,1407
23.046553,113.380583,0.000375847,B1346,1408
22.567335,114.049928,0.000375847,B1347,1409
22.59598,114.122261,0.000375847,B1348,1410
22.604491,113.884646,0.000375847,B1349,1411
22.546566,113.919158,0.000375847,B1350,1412
23.119893,113.379039,0.000375847,B1351,1413
23.027139,113.325241,0.000375847,B1352,1414
22.762004,113.884499,0.000375847,B1353,1415
22.719648,114.217649,0.00044696,B1354,1416
23.178014,113.271324,0.000375847,B1355,1417
22.740831,113.830542,0.000375847,B1356,1418
22.640204,114.19104,0.00044696,B1357,1419
22.735581,114.021474,0.000375847,B1358,1420
22.67872,114.00856,0.000375847,B1359,1421
22.682929,114.375702,0.000375847,B1360,736
23.254538,113.280497,0.000375847,B1361,1422
22.643088,114.077496,0.000375847,B1362,1423
23.32926,113.235614,0.00044696,B1363,1424
23.113186,113.456276,0.000375847,B1364,1425
22.692526,113.808621,0.000375847,B1365,1426
22.692011,113.935795,0.000375847,B1366,1427
22.877694,113.313253,0.000531528,B1367,1428
22.95994,113.346143,0.000375847,B1368,1429
22.676616,114.019238,0.000375847,B1369,1430
23.367849,113.372406,0.000375847,B1370,1431
22.696592,114.080521,0.000375847,B1371,1432
22.688898,113.941172,0.000375847,B1372,1433
23.129741,113.466657,0.000375847,B1373,1434
22.753612,114.387122,0.00044696,B1374,1435
22.648044,113.841368,0.000375847,B1375,1436
23.09828,113.326104,0.000375847,B1376,1437
22.590931,113.872062,0.000375847,B1377,1438
23.292381,113.840487,0.000375847,B1378,311
23.2046,113.432343,0.000375847,B1379,1439
22.761396,114.370497,0.00044696,B1380,816
23.126289,113.42732,0.000375847,B1381,1440
22.614869,114.122876,0.000375847,B1382,1441
22.758745,114.25131,0.00044696,B1383,1442
23.198481,113.410804,0.000375847,B1384,1443
22.762562,113.829352,0.000375847,B1385,1444
23.5633,113.475857,0.000375847,B1386,123
22.55392,114.096056,0.000375847,B1387,1445
22.571959,114.061668,0.000375847,B1388,1446
23.136125,113.260912,0.000375847,B1389,1447
22.966192,114.139648,0.00044696,B1390,335
22.981998,114.002272,0.000375847,B1391,1448
23.11394,113.840691,0.000494642,B1392,1449
23.061539,113.819426,0.000494642,B1393,1450
23.046685,113.787325,0.000494642,B1394,1451
23.039433,113.973821,0.00044696,B1395,1452
22.948656,113.857529,0.000494642,B1396,1453
23.120339,113.823403,0.000494642,B1397,1454
22.937492,113.675092,0.00044696,B1398,1455
22.986327,113.912095,0.00044696,B1399,1456
23.115301,113.762285,0.000494642,B1400,1457
22.820322,113.985404,0.000375847,B1401,1458
22.83517,114.198,0.00044696,B1402,737
23.076061,113.733896,0.000494642,B1403,1459
23.066181,114.022867,0.000375847,B1404,1460
22.922346,113.928126,0.00044696,B1405,1461
23.049183,113.780553,0.000494642,B1406,1462
23.027713,114.031215,0.00044696,B1407,1463
22.785018,113.787249,0.000375847,B1408,1464
22.928183,113.739975,0.00044696,B1409,1465
22.808677,114.14749,0.00044696,B1410,1466
23.058886,113.791876,0.000494642,B1411,1467
22.862789,114.120386,0.00044696,B1412,1468
22.827093,113.691586,0.000375847,B1413,1469
22.814336,113.680441,0.000375847,B1414,1470
23.01484,113.933518,0.00044696,B1415,1471
22.79587,113.796218,0.000375847,B1416,1472
23.181584,113.211855,0.000375847,B1417,1473
22.825403,113.274805,0.000632097,B1418,489
23.033969,113.0551,0.000494642,B1419,1474
23.042646,113.15652,0.00044696,B1420,1475
22.849891,113.264191,0.000562022,B1421,694
22.777089,113.253881,0.000650986,B1422,518
23.081293,113.183563,0.00044696,B1423,1476
22.953825,113.083441,0.00044696,B1424,1477
23.116301,112.869282,0.000375847,B1425,564
23.064088,113.111914,0.000494642,B1426,1478
22.894359,112.884605,0.000562022,B1427,280
23.12433,113.109483,0.00044696,B1428,1479
23.184704,112.86817,0.000375847,B1429,432
22.837311,113.257526,0.000611344,B1430,587
22.788347,113.820687,0.000375847,B1431,1480
22.642329,113.940914,0.000375847,B1432,1481
22.550191,114.045756,0.000375847,B1433,1482
23.165025,113.494401,0.000375847,B1434,1483
22.648168,113.934028,0.000375847,B1435,1484
23.175625,113.472175,0.000375847,B1436,1485
22.669112,114.136192,0.000375847,B1437,1486
23.268087,113.301635,0.000375847,B1438,1487
23.088394,113.330061,0.000375847,B1439,1488
23.077559,113.269359,0.000375847,B1440,1489
23.042548,113.281709,0.000375847,B1441,1490
23.128426,113.606336,0.00044696,B1442,611
22.743525,114.019736,0.000375847,B1443,1491
22.735774,113.8453,0.000375847,B1444,1492
22.677719,114.319408,0.00044696,B1445,1493
23.045783,113.318957,0.000375847,B1446,1494
23.13433,113.325261,0.000375847,B1447,1495
23.092579,113.326677,0.000375847,B1448,1496
22.762143,113.808743,0.000375847,B1449,1497
23.080988,113.339109,0.000375847,B1450,1498
22.810679,113.848659,0.000375847,B1451,1499
22.615443,114.125244,0.000375847,B1452,1500
23.145345,113.324224,0.000375847,B1453,1501
22.668722,114.031515,0.000375847,B1454,1502
23.119504,113.34438,0.000375847,B1455,1503
23.132648,113.437797,0.000375847,B1456,1504
23.047881,113.453861,0.000375847,B1457,1505
23.200882,113.267982,0.000375847,B1458,1506
22.721676,113.921097,0.000375847,B1459,1507
22.701443,114.347332,0.00044696,B1460,1508
22.609817,114.130732,0.000375847,B1461,1509
23.171964,113.496133,0.000375847,B1462,1510
23.02919,113.331874,0.000375847,B1463,1511
23.152881,113.369335,0.000375847,B1464,1512
23.396451,113.215319,0.000494642,B1465,1513
22.67529,114.026051,0.000375847,B1466,1514
22.800291,113.915077,0.000375847,B1467,1515
22.555842,114.131389,0.000375847,B1468,1516
23.124553,113.327841,0.000375847,B1469,1517
22.743681,113.838079,0.000375847,B1470,1518
23.149271,113.295089,0.000375847,B1471,1519
23.299863,113.35164,0.00044696,B1472,1520
23.146261,113.227406,0.00044696,B1473,1521
23.203258,113.229655,0.000375847,B1474,1522
22.803578,113.88048,0.000375847,B1475,1523
22.741117,114.041342,0.000375847,B1476,1524
23.209231,113.555487,0.000375847,B1477,666
23.238443,113.285521,0.000375847,B1478,1525
22.921528,113.37898,0.00044696,B1479,1526
22.69373,114.057432,0.000375847,B1480,1527
23.25202,113.264606,0.000375847,B1481,1528
23.215302,113.336174,0.000375847,B1482,1529
22.701362,114.000439,0.000375847,B1483,1530
23.096097,113.381176,0.000375847,B1484,1531
23.366579,113.399901,0.00044696,B1485,757
23.108882,113.578363,0.000375847,B1486,738
22.921637,113.378999,0.00044696,B1487,1532
22.696556,113.845161,0.000375847,B1488,1533
22.494063,113.939516,0.000375847,B1489,1534
23.147686,113.255173,0.000375847,B1490,1535
23.014966,113.330859,0.000375847,B1491,1536
23.152359,113.235196,0.00044696,B1492,1537
23.199756,113.227689,0.000375847,B1493,1538
22.619811,113.849949,0.00044696,B1494,1539
22.726269,113.920876,0.000375847,B1495,1540
22.685402,113.988473,0.000375847,B1496,1541
22.74019,113.921597,0.000375847,B1497,1542
23.081526,113.219005,0.000375847,B1498,1543
23.209195,113.247869,0.000375847,B1499,1544
22.595645,113.867961,0.000375847,B1500,1545
23.101793,113.333964,0.000375847,B1501,1546
22.759714,113.904866,0.000375847,B1502,1547
22.804594,113.880702,0.000375847,B1503,1548
22.955161,113.461607,0.00044696,B1504,650
22.943258,113.412968,0.000375847,B1505,1549
23.392431,113.226045,0.000494642,B1506,1550
23.26303,113.243488,0.00044696,B1507,1551
23.273877,113.247424,0.00044696,B1508,1552
22.693583,114.362754,0.000375847,B1509,1553
23.099167,113.262162,0.000375847,B1510,1554
23.120488,113.371238,0.000375847,B1511,1555
23.048058,113.387189,0.000375847,B1512,1556
23.029619,113.317787,0.000375847,B1513,1557
22.652855,114.055381,0.000375847,B1514,1558
23.392352,113.219908,0.000494642,B1515,1559
22.751922,113.578058,0.000494642,B1516,281
22.697844,113.815985,0.000375847,B1517,1560
22.721198,114.077826,0.000375847,B1518,1561
22.527525,113.933356,0.000375847,B1519,1562
22.622626,114.1638,0.000375847,B1520,1563
23.166063,113.242496,0.00044696,B1521,1564
23.469043,113.162896,0.000494642,B1522,739
22.546174,113.976207,0.000375847,B1523,1565
22.540824,113.922639,0.000375847,B1524,1566
22.671491,113.920377,0.000375847,B1525,1567
22.730032,114.065075,0.000375847,B1526,1568
22.803059,113.881091,0.000375847,B1527,1569
22.582286,113.889842,0.000375847,B1528,1570
22.892953,113.410004,0.00044696,B1529,794
22.537432,113.926899,0.000375847,B1530,1571
23.155817,113.378966,0.000375847,B1531,1572
22.568373,114.102633,0.000375847,B1532,1573
23.100669,113.350425,0.000375847,B1533,1574
23.112882,113.229895,0.000375847,B1534,1575
22.956544,113.411829,0.000375847,B1535,1576
22.808094,113.897042,0.000375847,B1536,1577
23.110039,113.473598,0.000375847,B1537,1578
22.699153,113.945862,0.000375847,B1538,1579
23.167896,113.390573,0.000375847,B1539,1580
22.622822,114.031131,0.000375847,B1540,1581
23.374725,113.210067,0.000494642,B1541,1582
22.97827,113.35543,0.000375847,B1542,1583
23.466244,113.368883,0.000375847,B1543,366
22.545679,114.133723,0.000375847,B1544,1584
22.613007,114.129267,0.000375847,B1545,1585
22.964789,113.431002,0.000375847,B1546,1586
22.996967,113.355869,0.000375847,B1547,1587
22.562913,114.105983,0.000375847,B1548,1588
22.593345,113.990382,0.000375847,B1549,1589
22.667422,114.00305,0.000375847,B1550,1590
23.06335,113.316799,0.000375847,B1551,1591
23.058123,113.209894,0.000375847,B1552,1592
23.141363,113.275715,0.000375847,B1553,1593
23.339706,113.305417,0.00044696,B1554,1594
22.654059,114.040726,0.000375847,B1555,1595
23.214378,113.286936,0.000375847,B1556,1596
22.65472,114.016713,0.000375847,B1557,1597
22.549971,114.131318,0.000375847,B1558,1598
23.258496,113.276614,0.000375847,B1559,1599
22.541455,114.091181,0.000375847,B1560,1600
22.621286,113.870582,0.000375847,B1561,1601
23.134027,113.388363,0.000375847,B1562,1602
23.05402,113.870366,0.000494642,B1563,1603
23.039768,113.71544,0.000494642,B1564,1604
22.810973,113.72352,0.000375847,B1565,1605
22.823269,113.681592,0.000375847,B1566,1606
22.76769,113.798662,0.000375847,B1567,1607
22.769526,114.105348,0.00044696,B1568,1608
22.96937,113.767053,0.000494642,B1569,1609
22.761235,114.151974,0.00044696,B1570,1610
22.929345,113.66229,0.00044696,B1571,1611
23.053699,113.958475,0.000375847,B1572,1612
22.798649,113.782269,0.000375847,B1573,1613
22.976325,114.085426,0.000375847,B1574,1614
22.801761,113.724562,0.000375847,B1575,1615
22.963595,113.678648,0.00044696,B1576,1616
22.948517,113.939403,0.00044696,B1577,1617
22.920015,113.865418,0.000494642,B1578,1618
23.014449,113.840248,0.000494642,B1579,1619
23.043474,114.067686,0.000375847,B1580,1620
22.962496,114.180187,0.00044696,B1581,367
22.961047,113.923816,0.00044696,B1582,1621
22.987346,114.040265,0.00044696,B1583,1622
23.093705,113.784069,0.000494642,B1584,1623
23.105495,113.985255,0.00044696,B1585,1624
23.042227,113.832825,0.000494642,B1586,1625
23.016329,113.710283,0.00044696,B1587,1626
22.832212,113.689163,0.000375847,B1588,1627
22.8204,113.755576,0.000375847,B1589,1628
22.910525,113.998527,0.000375847,B1590,1629
22.933476,114.04144,0.00044696,B1591,1630
22.816792,114.156049,0.000494642,B1592,1631
22.85065,113.642003,0.000375847,B1593,1632
22.765165,114.150772,0.00044696,B1594,1633
22.848728,114.183671,0.00044696,B1595,758
23.070594,114.007934,0.000375847,B1596,1634
22.907607,113.662132,0.000375847,B1597,1635
23.097143,113.944739,0.000494642,B1598,1636
22.9731,113.736391,0.00044696,B1599,1637
22.962249,113.936295,0.00044696,B1600,1638
22.905281,113.866005,0.00044696,B1601,1639
22.956593,113.885066,0.000494642,B1602,1640
23.012891,113.7361,0.00044696,B1603,1641
22.986687,113.95669,0.000375847,B1604,1642
22.726013,114.17454,0.00044696,B1605,1643
22.980136,113.760893,0.000494642,B1606,1644
22.761861,114.169312,0.00044696,B1607,1645
22.770499,114.093328,0.00044696,B1608,1646
22.970974,114.140149,0.000494642,B1609,336
22.927461,114.123809,0.00044696,B1610,667
23.056917,113.972694,0.000375847,B1611,1647
22.857635,113.731079,0.000375847,B1612,1648
22.969485,114.154996,0.000494642,B1613,312
22.958535,113.89069,0.000494642,B1614,1649
22.98412,114.012715,0.00044696,B1615,1650
22.805842,113.838947,0.000375847,B1616,1651
22.867798,113.848589,0.000375847,B1617,1652
23.188125,113.205387,0.000375847,B1618,1653
23.158884,113.09294,0.000494642,B1619,1654
23.197335,112.885419,0.00044696,B1620,467
23.116108,113.167781,0.00044696,B1621,1655
23.10461,112.99215,0.00044696,B1622,817
22.87546,112.936851,0.000375847,B1623,433
22.816468,113.374217,0.000668361,B1624,313
22.848344,113.022846,0.000375847,B1625,695
22.947788,113.274266,0.000375847,B1626,1656
22.758389,113.33981,0.000632097,B1627,636
23.197404,113.164752,0.00044696,B1628,1657
23.039749,113.149592,0.00044696,B1629,1658
22.859167,113.238154,0.000588232,B1630,776
23.17893,112.863593,0.00044696,B1631,468
22.850486,113.155671,0.000494642,B1632,777
23.154408,113.17362,0.00044696,B1633,1659
22.713492,113.158742,0.000632097,B1634,434
23.04329,113.105539,0.000494642,B1635,1660
23.258386,113.019837,0.00044696,B1636,314
23.190689,113.092035,0.00044696,B1637,740
23.122746,113.192885,0.00044696,B1638,1661
22.82251,113.025002,0.000375847,B1639,588
23.05918,113.115516,0.000494642,B1640,1662
22.983303,113.309809,0.000375847,B1641,1663
23.140365,113.344485,0.000375847,B1642,1664
22.538913,114.065357,0.000375847,B1643,1665
23.087982,113.25839,0.000375847,B1644,1666
23.127697,113.310772,0.000375847,B1645,1667
22.708843,114.093508,0.000375847,B1646,1668
22.967164,113.996381,0.000375847,B1647,1669
22.940836,113.649068,0.000375847,B1648,1670
23.126932,113.660297,0.00044696,B1649,718
23.252279,113.233557,0.000375847,B1650,1671
23.018857,113.07747,0.00044696,B1651,1672
23.015994,113.76411,0.00044696,B1652,1673
23.044736,113.832363,0.00044696,B1653,1674
23.059438,113.776895,0.00044696,B1654,1675
23.282362,113.331886,0.000375847,B1655,1676
23.146495,113.111215,0.00044696,B1656,1677
23.108456,113.239011,0.000375847,B1657,1678
22.729527,114.256978,0.000375847,B1658,1679
23.092183,113.334395,0.000375847,B1659,1680
22.559631,114.133602,0.000375847,B1660,1681
22.785964,113.747859,0.000375847,B1661,1682
23.04801,113.401632,0.000375847,B1662,1683
22.667073,114.021308,0.000375847,B1663,1684
23.100183,113.337437,0.000375847,B1664,1685
23.135042,113.328932,0.000375847,B1665,1686
23.180978,113.353962,0.000375847,B1666,1687
23.115794,113.550495,0.000375847,B1667,1688
22.711261,113.811977,0.000375847,B1668,1689
23.463938,113.283324,0.000375847,B1669,1690
23.109659,113.23763,0.000375847,B1670,1691
22.625287,114.15775,0.000375847,B1671,1692
22.567391,114.181531,0.000375847,B1672,1693
22.562082,113.962821,0.000375847,B1673,1694
23.388962,113.213867,0.000375847,B1674,1695
22.544267,114.10969,0.000375847,B1675,1696
22.73447,114.293377,0.000375847,B1676,1697
23.126134,113.430484,0.000375847,B1677,1698
23.113299,113.2858,0.000375847,B1678,1699
23.190896,113.34069,0.000375847,B1679,1700
23.123978,113.267879,0.000375847,B1680,1701
23.297187,113.309771,0.000375847,B1681,1702
22.524853,113.932363,0.000375847,B1682,1703
22.554932,113.947665,0.000375847,B1683,1704
23.036541,113.294234,0.000375847,B1684,1705
22.677466,114.007083,0.000375847,B1685,1706
23.097177,113.794141,0.000375847,B1686,1707
23.025983,113.16049,0.000375847,B1687,1708
23.191485,113.341252,0.000375847,B1688,1709
22.960654,113.356821,0.000375847,B1689,1710
22.588816,113.971681,0.000375847,B1690,1711
23.09324,113.161075,0.000375847,B1691,1712
23.176391,113.265977,0.000375847,B1692,1713
22.537965,114.083933,0.000375847,B1693,1714
23.125325,113.415681,0.000375847,B1694,1715
23.095389,113.364311,0.000375847,B1695,1716
22.73711,113.836685,0.000375847,B1696,1717
23.089928,113.524417,0.000375847,B1697,1718
23.114597,113.437809,0.000375847,B1698,1719
23.153595,113.33432,0.000375847,B1699,1720
23.041501,113.317763,0.000375847,B1700,1721
22.516122,114.050897,0.000375847,B1701,1722
22.678757,114.000754,0.000375847,B1702,1723
22.582619,113.879685,0.000375847,B1703,1724
22.631252,114.220208,0.000375847,B1704,1725
22.709633,113.795383,0.000375847,B1705,1726
23.106351,113.256934,0.000375847,B1706,1727
22.494423,113.940057,0.000375847,B1707,1728
24.293405,116.122526,0.000375847,B1708,589
23.158466,113.204456,0.000375847,B1709,1729
23.183163,113.351206,0.000375847,B1710,1730
22.79171,113.750679,0.000375847,B1711,1731
22.820459,113.241417,0.000494642,B1712,741
22.944018,112.84557,0.00044696,B1713,337
22.989608,113.13176,0.000375847,B1714,1732
23.260226,113.785591,0.000375847,B1715,368
22.868659,113.456987,0.000375847,B1716,742
22.542164,114.085394,0.000375847,B1717,1733
22.641969,114.429571,0.000375847,B1718,519
22.553168,114.08732,0.000375847,B1719,1734
23.103622,113.459465,0.000375847,B1720,1735
23.139774,113.267231,0.000375847,B1721,1736
22.616148,114.113674,0.000375847,B1722,1737
23.11996,113.394607,0.000375847,B1723,1738
22.541287,113.974886,0.000375847,B1724,1739
23.048139,113.399886,0.000375847,B1725,1740
23.138078,113.361953,0.000375847,B1726,1741
21.53332,111.229119,0.000562022,B1727,88
22.686509,113.982837,0.000375847,B1728,1742
22.597055,114.268835,0.000375847,B1729,795
22.989311,113.254156,0.000375847,B1730,1743
22.617745,113.84745,0.000375847,B1731,1744
23.282406,113.34135,0.000375847,B1732,1745
23.11935,113.297393,0.000375847,B1733,1746
22.78981,113.915402,0.000375847,B1734,1747
22.697284,114.229877,0.000375847,B1735,1748
22.73786,114.017811,0.000375847,B1736,1749
22.897819,113.669414,0.000375847,B1737,1750
22.635813,114.068462,0.000375847,B1738,1751
22.667868,113.996969,0.000375847,B1739,1752
22.764687,113.818122,0.000375847,B1740,1753
22.559829,114.142063,0.000375847,B1741,1754
23.049722,113.401725,0.000375847,B1742,1755
23.220557,113.301598,0.000375847,B1743,1756
22.643389,114.194805,0.000375847,B1744,1757
22.914986,114.0613,0.000375847,B1745,1758
23.068304,112.851532,0.000375847,B1746,315
23.045104,113.09069,0.000375847,B1747,1759
23.058126,113.113304,0.000375847,B1748,1760
23.054918,113.412964,0.000375847,B1749,1761
22.785235,113.390047,0.000494642,B1750,398
22.557314,114.237851,0.000375847,B1751,1762
23.222086,113.299249,0.000375847,B1752,1763
22.657737,114.045913,0.000375847,B1753,1764
22.724736,114.075841,0.000375847,B1754,1765
22.535841,113.92102,0.000375847,B1755,1766
23.114495,113.283361,0.000375847,B1756,1767
22.65537,114.014637,0.000375847,B1757,1768
22.607224,114.135821,0.000375847,B1758,1769
22.635943,114.19549,0.000375847,B1759,1770
23.127199,113.368326,0.000375847,B1760,1771
23.086145,113.344864,0.000375847,B1761,1772
22.607974,113.869058,0.000375847,B1762,1773
22.669242,114.03156,0.000375847,B1763,1774
23.152238,113.352632,0.000375847,B1764,1775
22.6343,114.08765,0.000375847,B1765,1776
23.091579,113.536227,0.000375847,B1766,1777
23.130042,113.261542,0.000375847,B1767,1778
23.057688,113.395357,0.000375847,B1768,1779
23.234287,113.302009,0.000375847,B1769,1780
23.093022,113.385584,0.000375847,B1770,1781
22.660771,114.051308,0.000375847,B1771,1782
22.571383,113.869454,0.000375847,B1772,1783
23.08144,113.314419,0.000375847,B1773,1784
22.925945,113.365381,0.000375847,B1774,1785
23.036259,113.795512,0.000375847,B1775,1786
23.035068,113.77925,0.000375847,B1776,1787
22.796321,114.159845,0.000375847,B1777,1788
22.94227,113.268151,0.000375847,B1778,1789
23.4561,113.28,0.000375847,B1779,1790
23.58785,113.619693,0.00044696,B1780,369
22.673385,113.942687,0.000375847,B1781,1791
22.648069,114.036209,0.000375847,B1782,1792
22.60285,114.118211,0.000375847,B1783,1793
22.615604,114.114983,0.000375847,B1784,1794
22.710186,113.804501,0.000375847,B1785,1795
22.647217,114.192165,0.000375847,B1786,1796
22.699995,113.797405,0.000375847,B1787,1797
22.509002,114.057133,0.000375847,B1788,1798
22.735088,113.840217,0.000375847,B1789,1799
22.710357,114.24983,0.000375847,B1790,1800
22.708666,114.247744,0.000375847,B1791,1801
23.049141,113.394477,0.000375847,B1792,1802
23.222997,113.609213,0.000375847,B1793,490
23.30871,113.575233,0.000375847,B1794,153
23.126572,113.317045,0.000375847,B1795,1803
22.80265,113.845027,0.000375847,B1796,1804
22.549708,114.126191,0.000375847,B1797,1805
23.1441,113.336,0.000375847,B1798,1806
23.372588,113.445166,0.000375847,B1799,565
22.48433,113.910578,0.000375847,B1800,1807
22.534348,114.075145,0.000375847,B1801,1808
22.640956,114.190426,0.000375847,B1802,1809
23.131268,113.394681,0.000375847,B1803,1810
23.092992,113.385417,0.000375847,B1804,1811
22.779598,113.767788,0.000375847,B1805,1812
23.018359,113.998026,0.000375847,B1806,1813
23.027314,113.146958,0.000375847,B1807,1814
22.641634,114.218031,0.000375847,B1808,1815
23.106249,113.218555,0.000375847,B1809,1816
23.147679,113.251731,0.000375847,B1810,1817
23.103251,113.278701,0.000375847,B1811,1818
23.105029,113.325525,0.000375847,B1812,1819
23.12345,113.303099,0.000375847,B1813,1820
23.173973,113.264768,0.000375847,B1814,1821
23.132375,113.192373,0.000375847,B1815,1822
22.601552,114.136552,0.000375847,B1816,1823
23.188935,113.330106,0.000375847,B1817,1824
23.140092,113.268413,0.000375847,B1818,1825
22.51238,113.931471,0.000375847,B1819,1826
22.558309,114.161286,0.000375847,B1820,1827
23.198685,113.360937,0.000375847,B1821,1828
22.800504,115.374799,0.00044696,B1822,124
22.752244,113.87611,0.000375847,B1823,1829
23.214208,113.225269,0.000375847,B1824,1830
23.118348,113.248571,0.000375847,B1825,1831
22.703625,114.236176,0.000375847,B1826,1832
22.528654,114.053635,0.000375847,B1827,1833
23.071442,113.891204,0.000375847,B1828,1834
23.170703,113.464494,0.000375847,B1829,1835
23.148752,113.351212,0.000375847,B1830,1836
23.131781,113.272225,0.000375847,B1831,1837
23.063448,113.289247,0.000375847,B1832,1838
23.022259,113.965266,0.000375847,B1833,1839
23.159187,112.834761,0.000375847,B1834,469
23.103973,113.270764,0.000375847,B1835,1840
22.807693,113.850308,0.000375847,B1836,1841
22.966469,113.017223,0.000375847,B1837,1842
23.258072,113.315579,0.000375847,B1838,1843
23.029455,113.233272,0.000375847,B1839,1844
22.68551,114.16409,0.000375847,B1840,1845
22.956234,113.364883,0.000375847,B1841,1846
22.656633,114.025402,0.000375847,B1842,1847
22.545845,114.107986,0.000375847,B1843,1848
22.656513,114.088355,0.000375847,B1844,1849
23.161377,113.271094,0.000375847,B1845,1850
23.157744,113.432903,0.000375847,B1846,1851
23.316914,113.605555,0.000375847,B1847,181
23.355583,113.149094,0.000375847,B1848,759
23.000026,113.662626,0.000375847,B1849,1852
22.781126,113.243096,0.00044696,B1850,760
22.720263,113.811609,0.000375847,B1851,1853
22.923575,114.020889,0.000375847,B1852,1854
22.743748,114.263625,0.000375847,B1853,1855
22.659456,114.012307,0.000375847,B1854,1856
23.1831,113.34978,0.000375847,B1855,1857
22.574637,113.894997,0.000375847,B1856,1858
22.850577,114.158236,0.000375847,B1857,1859
22.655628,113.927887,0.000375847,B1858,1860
22.564083,113.899875,0.000375847,B1859,1861
23.123324,113.634497,0.000375847,B1860,818
22.782264,114.323155,0.000375847,B1861,1862
23.189315,113.270151,0.000375847,B1862,1863
22.934209,113.847286,0.000375847,B1863,1864
22.554156,114.08928,0.000375847,B1864,1865
23.193221,113.334035,0.000375847,B1865,1866
22.531045,113.925047,0.000375847,B1866,1867
22.639528,114.043671,0.000375847,B1867,1868
23.140301,113.386469,0.000375847,B1868,1869
23.233649,113.278354,0.000375847,B1869,1870
23.129889,113.405613,0.000375847,B1870,1871
22.932951,113.648792,0.000375847,B1871,1872
23.264235,113.782869,0.000375847,B1872,399
22.840505,113.277245,0.000375847,B1873,1873
23.069415,113.287606,0.000375847,B1874,1874
23.333446,113.301736,0.000375847,B1875,1875
22.693506,113.994101,0.000375847,B1876,1876
23.133238,113.239864,0.000375847,B1877,1877
