纬度,经度,任务标价,任务号码,距离
22.72969196,114.2404069,79.62342263,1,0.182326013
22.72704287,114.2996199,73.96319382,2,0.205962359
22.70135079,114.2335837,74.94827812,3,0.173491312
22.73256364,114.2868513,75.34379535,4,0.203040437
22.71839144,114.2575495,79.40551757,5,0.182859075
22.75392493,114.3819253,70.82099187,6,0.211851569
22.72404221,114.2721836,77.67251092,7,0.190913337
22.71937803,114.2732478,77.72694519,8,0.190624814
22.7304987,114.229733,80.2831162,9,0.181264158
22.71888206,114.2671679,78.17227923,10,0.188678723
22.65746229,114.3476957,73.78269199,11,0.210619328
22.71611614,114.2474716,80.08246016,12,0.178521601
22.72986374,114.2939012,74.76910219,13,0.205445676
22.746174,114.285869,74.86686614,14,0.20428217
22.7333086,114.2943071,74.53298511,15,0.205632528
22.74551648,114.2744633,76.28593929,16,0.199691129
22.72253118,114.2650952,78.12674779,17,0.188938329
22.72526006,114.2724811,77.13746884,18,0.193963972
22.75292765,114.2855676,74.36895378,19,0.205770005
22.75031119,114.2734629,76.01344379,20,0.201216225
22.73832325,114.2906521,74.75079241,21,0.204821612
22.72221778,114.2631081,78.22016621,22,0.188693761
22.72837483,114.2928568,74.94640114,23,0.20446219
22.73787872,114.2816363,75.55886934,24,0.202228065
22.73188624,114.3028398,74.13638821,25,0.20666951
22.74778137,114.2747219,76.09511004,26,0.200779175
22.73658843,114.2961774,74.11966519,27,0.205732198
22.74121631,114.2620083,77.7949766,28,0.191580636
22.70831192,114.2434107,81.33012701,29,0.175233633
22.73306755,114.2613361,76.99087827,30,0.194614311
22.73305308,114.3011875,74.3526357,31,0.206239177
22.73578111,114.2731883,76.97960348,32,0.195154786
22.73156241,114.2875823,75.44974253,33,0.20243636
22.71652768,114.2703694,77.83792219,34,0.189969837
22.72610429,114.2414213,80.07431699,35,0.18012157
22.70601576,114.2416887,81.60745999,36,0.174405529
22.70584501,114.2428698,81.48316812,37,0.174558323
22.71919628,114.2654782,78.23977034,38,0.188618245
22.73806842,114.2664469,77.50339219,39,0.193243156
22.73841361,114.2769492,76.45984063,40,0.197914318
22.69864675,114.2417616,81.94138295,41,0.172539504
22.72251471,114.2511927,79.33732897,42,0.182010959
22.71912215,114.2605691,78.86505164,43,0.1855525
22.73305324,114.2761711,76.88470223,44,0.195491895
22.71670893,114.2452346,80.31448879,45,0.177579039
22.72171594,114.2780743,77.05766811,46,0.19441897
22.73079366,114.2683862,77.77752038,47,0.190939132
22.71392643,114.237995,81.50333891,48,0.176109096
22.72100598,114.2475005,79.80327504,49,0.179869533
22.7300795,114.3032039,74.1752505,50,0.206447929
22.72439318,114.2920427,74.82913159,51,0.205446296
22.71013195,114.2495414,80.81868587,52,0.17680232
22.73597693,114.2767908,76.63396247,53,0.196921532
22.73319874,114.2894757,75.19658933,54,0.203876872
22.72256534,114.2786661,76.94261917,55,0.195074942
22.72538813,114.2953439,74.72889475,56,0.205278831
22.73815392,114.2569106,78.1900773,57,0.188004083
22.72391473,114.2957052,74.7486674,58,0.205166094
22.74288185,114.2883525,74.76331858,59,0.204324841
22.72412115,114.2618441,78.45080597,60,0.187234692
22.72426525,114.296727,74.59626517,61,0.206035042
22.70924622,114.2461451,80.92920401,62,0.176246648
22.73052926,114.2806588,76.44422507,63,0.197591975
22.72020559,114.2920284,75.43792195,64,0.202392366
22.69880043,114.2433048,81.47013023,65,0.174620076
22.7870271,114.3308735,69.48078255,66,0.208119426
22.73533826,114.2594777,78.09281917,67,0.188558617
22.70442095,114.2343627,74.69828226,68,0.173803512
22.70295259,114.2363492,74.06321499,69,0.176622166
22.73353093,114.277222,76.37428202,70,0.198402145
22.7002741,114.2401945,76.7992836,71,0.176894262
22.73219863,114.2324819,79.96923865,72,0.182790481
22.71815544,114.2481824,79.76017514,73,0.180115275
22.73315615,114.2976629,73.93221366,74,0.205998933
22.73080365,114.2426125,79.4939636,75,0.182508914
22.71448951,114.2443288,80.99967959,76,0.176372489
22.74140426,114.2877031,74.86343694,77,0.204722291
22.72943188,114.2668519,78.03616618,78,0.189464418
22.72919983,114.2786627,76.64732724,79,0.19684533
22.69963949,114.1445579,75.28060412,80,0.164460064
22.73636566,114.2858926,75.38903907,81,0.202782472
22.74667807,114.2695447,76.67300025,82,0.198076193
22.72319883,114.2750855,77.23387643,83,0.193414288
22.75419616,114.284078,74.63563979,84,0.205102095
22.72852163,114.2297897,80.67408675,85,0.179034972
22.70949274,114.2612024,79.93435472,86,0.183335229
22.73393225,114.2489042,79.37524185,87,0.18337688
22.71142907,114.2635062,79.00637887,88,0.184746699
22.57170087,113.9053353,79.558689,89,0.17132634
22.58012226,113.8844056,78.76690675,90,0.175068369
22.57806395,113.8930076,79.30621733,91,0.172034346
22.57090549,113.9005673,79.29287261,92,0.172318936
22.72726491,114.3009914,73.72788317,93,0.206365703
22.73389406,114.2396681,79.52138257,94,0.183110968
22.56992336,113.9013757,79.40057503,95,0.171790912
22.58018489,113.8982111,79.57656809,96,0.171295909
22.56561757,113.894581,78.38816027,97,0.176708323
22.56910214,113.8860951,78.16205316,98,0.177816369
22.55822386,114.0818804,78.72848628,99,0.147460723
22.58455445,113.9118572,80.73455504,100,0.165975994
22.57712134,113.8638951,76.82552669,101,0.184819404
22.57143764,113.8874621,78.33821499,102,0.177402215
22.5729478,113.8811787,77.5232986,103,0.181567709
22.58175242,114.1113526,79.22146097,104,0.144516638
22.58580067,113.8689717,77.72931971,105,0.181253982
22.58240219,113.9123868,80.76632003,106,0.165353285
22.58484795,113.8803988,77.93486553,107,0.179244485
22.5831793,113.8718454,77.71529387,108,0.180451251
22.56485883,113.9045792,79.29950693,109,0.172314119
22.58594296,113.8795634,78.52450163,110,0.175834352
22.56665771,113.9047856,79.40381372,111,0.171865231
22.58756183,113.9117972,81.02673937,112,0.164310054
22.58448467,113.9136259,80.97860647,113,0.164584492
22.58170032,113.9080081,79.04920462,114,0.17510051
22.58208009,113.9149636,80.92766503,115,0.164659696
22.59600774,113.8942174,80.14587032,116,0.167621363
22.58249436,113.9103461,80.38573966,117,0.167285729
22.58483596,113.907636,80.56611245,118,0.166257302
22.57388418,113.8958379,79.19810583,119,0.172680499
22.70743279,113.9300131,78.47550415,120,0.171766769
22.58376293,113.905228,80.52550807,121,0.166789473
22.58674299,113.9090817,80.39058315,122,0.167711321
22.583175,113.8929613,79.5361133,123,0.170722261
22.570735,113.888782,78.50042303,124,0.176587772
22.58528709,113.8932852,79.30005634,125,0.17231501
22.59407372,113.8948922,80.10322521,126,0.168095039
22.60766566,113.8585519,78.03079812,127,0.181639323
22.57622074,113.8767875,77.9288058,128,0.179103947
22.56510124,113.8858711,77.9490659,129,0.178875302
22.5931062,113.9021913,80.70463123,130,0.16598966
22.58707485,113.9229253,81.363174,131,0.160969599
22.58734429,113.9073119,80.33732537,132,0.167618542
22.59051277,113.8960994,80.13699494,133,0.168217985
22.57694442,113.8740864,77.28208501,134,0.182078581
22.58968538,113.9192363,81.24131263,135,0.161880407
22.57966703,113.8737324,77.68761679,136,0.179975077
22.57523268,113.8906152,78.53003147,137,0.17644406
22.58661365,113.8941391,79.24685381,138,0.172648841
22.59461111,113.9010205,80.56218287,139,0.166269835
22.58142193,113.8648055,77.18869956,140,0.18322243
22.58095046,113.8998611,79.98911796,141,0.16928442
22.57745203,113.9023703,79.87825476,142,0.170347206
22.56975718,113.9104326,79.89044805,143,0.168770251
22.5814667,113.8803403,77.96882377,144,0.17859847
22.55544624,113.8991863,78.24217441,145,0.175850338
22.55443044,113.8943467,77.77562376,146,0.178871113
22.57352699,113.8751521,77.60719096,147,0.180467517
22.74690859,114.0246196,75.54292672,148,0.180439924
22.55592573,113.8918949,77.68964566,149,0.179337081
22.57737609,113.8820266,78.07868484,150,0.178511432
22.56233651,113.9076439,79.34450453,151,0.171678244
22.57483549,113.8811973,78.13882043,152,0.177947865
22.56840437,113.8955019,78.87995772,153,0.17390369
22.57157097,113.8940479,78.88687465,154,0.174484775
22.57998536,113.9183245,80.77970193,155,0.164335503
22.58133529,113.9197556,81.0026144,156,0.163064529
22.58699587,113.8709936,77.87618231,157,0.180110071
22.59041475,113.871422,78.00751915,158,0.18008021
22.56734901,113.8982109,78.83682272,159,0.174251229
22.5663063,113.899962,78.9264899,160,0.17339567
22.56702598,113.9105272,79.82483923,161,0.169446189
22.57942148,113.8916572,79.28211223,162,0.172171785
22.5903014,113.9035228,80.31711574,163,0.168158897
22.57129816,113.8920232,78.81990539,164,0.174766188
22.56494839,113.9145821,79.68833565,165,0.1690176
22.56648854,113.8811251,77.60930795,166,0.180501813
22.53470014,113.934485,78.8043385,167,0.171406244
22.56356707,113.8834799,77.60701982,168,0.180584538
22.58829674,113.8708217,77.93274355,169,0.179941909
22.56414161,113.9078693,78.68136481,170,0.175698858
22.59001679,113.8669876,77.85479695,171,0.181207655
23.12481312,113.4261395,59.55011422,172,0.156103493
23.1328338,113.4343643,59.67275787,173,0.157077527
23.12908146,113.425454,59.75834529,174,0.152996938
23.15568967,113.4144292,60.53038404,175,0.147994105
23.12689122,113.4261471,59.99293716,176,0.152949389
23.13405701,113.401953,60.96620888,177,0.142066603
23.13146449,113.3995361,60.95485001,178,0.141550033
23.12938122,113.4225135,59.76019849,179,0.152836865
23.20357984,113.3732679,61.35471977,180,0.154836262
23.16612927,113.3856429,61.05776019,181,0.142918172
23.12904874,113.4279519,60.06132715,182,0.154402129
23.13438526,113.3869839,63.46225608,183,0.138348475
23.17998809,113.357365,65.57088137,184,0.142358617
23.16306207,113.3489867,66.96782323,185,0.132510864
23.14151184,113.3622198,67.17832102,186,0.131833569
23.17402066,113.3658252,65.73458793,187,0.1405601
23.1282963,113.40969,60.46950172,188,0.14520285
23.17773454,113.3592463,66.06755965,189,0.13952672
23.17196247,113.3533515,66.11241258,190,0.137142719
23.17630829,113.3577083,66.04069359,191,0.139045444
23.11836533,113.3651519,64.00123387,192,0.132270124
23.1912179,113.3356676,65.97331101,193,0.137308644
23.1205956,113.3644074,64.13007598,194,0.131362465
23.1210796,113.3705992,63.88998526,195,0.13277023
23.1583597,113.3585269,66.51607102,196,0.135080867
23.1215785,113.3771234,63.67706967,197,0.134722502
23.12641073,113.3664706,64.16803623,198,0.131756126
23.16298474,113.3350698,67.15519094,199,0.130099349
23.12173317,113.3642769,64.14643065,200,0.131269216
23.11828584,113.3632526,63.83475484,201,0.132352003
23.21850801,113.38547,61.63484972,202,0.157822607
23.16627274,113.3381819,66.90705202,203,0.132188253
23.21664501,113.391511,61.39936186,204,0.158364795
23.12116497,113.4259499,60.01348616,205,0.153375004
23.11970759,113.4238704,60.05827827,206,0.153391072
23.2032568,113.371018,62.33345969,207,0.149139588
23.19488528,113.3482489,65.51954036,208,0.141373904
23.21719106,113.3842337,61.87219746,209,0.156898578
23.207743,113.3871093,62.63488126,210,0.153331351
23.16809795,113.3337372,66.91033378,211,0.131695921
23.12054511,113.3786088,63.89404571,212,0.13493327
23.2066358,113.3301951,65.01766977,213,0.142210863
23.16389013,113.4163251,60.4132937,214,0.149616021
23.16795109,113.3377545,66.81849563,215,0.132679474
23.12768871,113.3372296,66.78869232,216,0.129416633
23.13175467,113.4083019,60.70897759,217,0.143864895
23.12652681,113.3397282,66.84716266,218,0.129083254
23.12245769,113.3359839,66.81264181,219,0.128707518
23.16515112,113.4156573,60.43031675,220,0.149966812
23.16156123,113.3040001,67.23673637,221,0.127569276
23.19965405,113.3471287,65.19814701,222,0.143001741
23.13075055,113.3357563,67.11396637,223,0.128180059
23.15618288,113.312235,67.41801238,224,0.126373573
23.12529522,113.4121393,60.25197343,225,0.14604883
23.20209388,113.4056993,59.20011626,226,0.157354294
23.14828808,113.3524756,67.32318495,227,0.130858644
23.14634409,113.3274108,67.50908291,228,0.127070053
23.14744653,113.3511514,67.34246431,229,0.130023768
23.20467801,113.432874,57.12914597,230,0.169039589
23.13689572,113.3511279,67.17904687,231,0.130397675
23.14031917,113.3459115,67.25007627,232,0.129625479
23.14996708,113.3465951,67.14056544,233,0.130749944
23.14062357,113.3275133,67.19898616,234,0.128113165
23.12694633,113.4157791,59.74818902,235,0.149446278
23.1347199,113.3692562,64.47897358,236,0.133467589
23.13708468,113.3341858,67.19222132,237,0.127183967
23.13314462,113.3927031,63.09333068,238,0.14127695
23.14043782,113.3856567,63.54861875,239,0.138442485
23.13020053,113.3756045,64.35906978,240,0.134193721
23.13202979,113.39007,63.26498896,241,0.139545229
23.13730795,113.3942447,60.74365228,242,0.142179692
23.13314774,113.3863561,63.33495915,243,0.139265182
23.11587316,113.4138164,60.04271004,244,0.148546456
23.17551823,113.3592735,65.72091441,245,0.14086872
23.13600769,113.3859074,63.56006233,246,0.138172619
23.13612309,113.3963694,61.09476198,247,0.140593261
23.11401571,113.4172338,59.72115098,248,0.150007024
23.11486722,113.4190267,59.55224966,249,0.150970044
23.11640019,113.4177526,59.70545629,250,0.15009651
23.14889709,113.3141524,67.55269576,251,0.125928127
23.14097651,113.3827285,63.69018319,252,0.13830875
23.13517569,113.3503844,66.74303463,253,0.132891537
23.1388268,113.3854092,63.5788825,254,0.138396406
23.1584355,113.3504712,67.03933209,255,0.131700432
23.15181752,113.3170388,67.45999174,256,0.126239006
23.14281326,113.376374,64.19311539,257,0.136222337
23.16518518,113.3251699,67.29150249,258,0.129229031
23.14183619,113.3779088,61.92135363,259,0.148924638
23.1381659,113.3728361,64.50491429,260,0.134830655
23.16922499,113.3296776,67.1681738,261,0.130772237
23.14033634,113.3742391,64.34763883,262,0.13579721
23.18842564,113.3425282,65.55399912,263,0.140146738
23.13004892,113.3863809,63.53431599,264,0.138046928
23.19702601,113.3734474,62.51046862,265,0.148888258
23.17207245,113.3264909,66.78617957,266,0.132169225
23.1475,113.4439109,58.70264808,267,0.162500163
23.17480316,113.3322298,66.60156491,268,0.133263617
23.16114801,113.407645,60.21302289,269,0.147280802
23.14494501,113.34224,67.33627495,270,0.129096075
23.15972056,113.4046289,60.28021222,271,0.146215831
23.15892328,113.4010558,60.53569557,272,0.145250286
23.12688441,113.4190483,59.2858077,273,0.150020516
23.12228078,113.4039402,60.51251158,274,0.144366315
23.2064107,113.371801,61.91837222,275,0.1516697
23.1758545,113.3986552,60.06687886,276,0.148033625
23.20819295,113.3782438,61.78138428,277,0.152133458
23.20044124,113.3735598,62.5381335,278,0.148747825
23.17843172,113.4044495,60.51308631,279,0.150012414
23.17442846,113.4055186,60.57421912,280,0.149259849
23.13509985,113.3314282,67.24661582,281,0.126966656
23.20837788,113.3759994,61.79166053,282,0.151959953
23.2015648,113.3728935,62.33046771,283,0.149156648
23.15212201,113.3351585,67.17176974,284,0.128882468
23.20186294,113.3926241,59.94058897,285,0.154541784
23.15260735,113.332066,67.25344463,286,0.12847249
23.13349021,113.4174727,59.98317774,287,0.148165037
23.11575166,113.4317335,59.45820176,288,0.158204245
23.11368753,113.4290361,59.58529644,289,0.156759442
23.12638053,113.3942373,63.21793162,290,0.140134111
23.1193031,113.4255468,60.05453492,291,0.153438939
23.19773995,113.4183009,58.48487227,292,0.160988579
23.20168853,113.3996451,59.72411057,293,0.155208289
23.13081846,113.3660173,64.69087364,294,0.132117217
23.12852503,113.391421,63.41172274,295,0.139088409
23.19899194,113.4238969,57.91252939,296,0.16377391
23.1632708,113.3191358,67.2953473,297,0.128896785
23.16256359,113.320802,67.29053567,298,0.128924219
23.13205746,113.4221537,60.07669149,299,0.150440743
23.13384476,113.4407051,58.62950316,300,0.1628342
23.13315358,113.4363301,59.33029634,301,0.158486932
23.11279965,113.4187034,59.54961022,302,0.151634027
23.13376665,113.4347543,59.58793569,303,0.157153896
23.13631467,113.4351621,59.03920322,304,0.158341654
23.1287958,113.366546,63.8399725,305,0.133553019
23.12281346,113.4178167,59.71926494,306,0.149566551
23.12885506,113.4188679,59.54135499,307,0.149714032
23.11962203,113.4152453,59.99310255,308,0.148649851
23.12186551,113.4159949,59.93567691,309,0.148977274
23.12039061,113.4185514,59.62708937,310,0.150092106
23.15693214,113.3509639,67.06650329,311,0.131545511
23.13249699,113.4178735,59.94999619,312,0.148354228
23.12515753,113.3292059,67.01606376,313,0.127740104
23.16964159,113.3892304,60.81507162,314,0.144553767
23.1402856,113.3760807,64.20010967,315,0.135850184
23.17610377,113.3747066,63.29336325,316,0.143031775
23.13774085,113.3623959,67.1922242,317,0.131348941
23.17840518,113.3389591,66.50138074,318,0.134568946
23.14545882,113.3660191,66.71873875,319,0.134321145
23.12178217,113.3466349,66.60351598,320,0.129916123
23.12290431,113.3527004,66.71821375,321,0.128744233
23.1469423,113.369359,64.39723891,322,0.135984606
23.1968891,113.3339044,65.49383914,323,0.139158271
23.16202059,113.3130133,67.20633791,324,0.127981876
23.19978107,113.4060446,59.36870837,325,0.156221525
23.17969579,113.3259006,66.28566416,326,0.134269267
23.12572103,113.4290758,60.02096341,327,0.155018849
23.14080318,113.350435,67.23283746,328,0.129775376
23.1256684,113.4025123,59.91774446,329,0.147605585
23.16732015,113.3237873,67.27150869,330,0.130045358
23.1212872,113.4070672,60.41303005,331,0.145281407
23.12763548,113.4083415,60.55139243,332,0.145099821
23.14008867,113.3797136,63.93889638,333,0.137317592
23.15527471,113.3309749,67.20568608,334,0.128744794
23.13662016,113.3903545,62.91884143,335,0.141328604
23.1486366,113.4428693,58.53924178,336,0.162205277
23.1745072,113.3612287,65.92217974,337,0.139721171
23.15713798,113.3418418,67.17490028,338,0.130260344
23.1383053,113.3650099,64.74631876,339,0.132801308
23.16376379,113.4356948,58.91635486,340,0.157746199
23.12757527,113.4034521,60.49916966,341,0.144107004
23.12468453,113.4100631,60.34981262,342,0.145880081
23.14682911,113.4408893,58.60443093,343,0.160502463
23.16329001,113.344705,67.13162519,344,0.131629543
23.11545269,113.402635,62.79725408,345,0.145538369
23.11729213,113.3706359,63.51946573,346,0.134793037
23.12456025,113.4004077,60.89976551,347,0.14264695
23.17843093,113.3484722,66.08289768,348,0.137351763
23.15891441,113.403394,60.33229166,349,0.145831009
23.12983506,113.4014287,60.491459,350,0.144334452
23.13230376,113.401224,60.67910843,351,0.143122221
23.12326076,113.3772618,63.87142849,352,0.135187072
23.13017641,113.4048056,60.49514602,353,0.144112091
23.12936525,113.4034057,60.84662367,354,0.142890736
23.12686091,113.3989386,61.0565388,355,0.1416121
23.12832461,113.3997994,60.49943094,356,0.144628081
23.17110001,113.386176,60.7819968,357,0.144168077
23.17057917,113.3847652,60.63533804,358,0.14520866
23.17005539,113.3876221,60.81640411,359,0.144633402
23.17297534,113.3891679,60.66540255,360,0.145407131
23.16733018,113.3884603,61.19321456,361,0.143401637
23.16612705,113.3911312,60.86436804,362,0.144181484
23.13832638,113.3493472,67.03669936,363,0.130895339
23.10524047,113.2651575,65.86585242,364,0.130630949
23.10335599,113.2791487,66.35389294,365,0.128910976
23.10125889,113.2752441,65.94239646,366,0.130335507
23.11103724,113.2883062,67.00370796,367,0.126540725
23.19628164,113.3347933,65.50734064,368,0.13908129
23.19678322,113.3371358,65.32295531,369,0.140132595
23.10907036,113.2547014,65.18536044,370,0.134472133
23.13283733,113.4193566,60.66003022,371,0.148581247
23.10153318,113.2946652,66.49547006,372,0.128182976
23.1076787,113.3386013,66.5185621,373,0.129001539
23.07418444,113.3631609,61.98137542,374,0.141769623
23.10408936,113.3351389,66.71457803,375,0.128397723
23.06418839,113.362687,61.12931139,376,0.144996935
23.05671252,113.3457198,63.27667644,377,0.144438556
23.09089713,113.3003223,66.62346799,378,0.126962886
23.09941768,113.3295242,66.55732768,379,0.128066108
23.11501051,113.2815833,66.5639685,380,0.128197965
23.08312711,113.3007523,65.97301691,381,0.128926117
23.07960516,113.3043783,65.83746368,382,0.130023159
23.0845868,113.2826599,65.94252002,383,0.129788991
23.09498583,113.3411369,66.19914606,384,0.130881565
23.08631936,113.3253652,65.90450502,385,0.131225722
23.10167845,113.3425208,66.39536414,386,0.130091985
23.10320259,113.3264069,66.74791691,387,0.126768569
23.08098288,113.2878,65.63919622,388,0.130626554
23.10177349,113.3266943,66.63379252,389,0.127419269
23.09761507,113.3055911,66.72894962,390,0.12601238
23.09454748,113.2876803,66.27312032,391,0.128702245
23.09428151,113.2917033,65.93825588,392,0.130327085
23.09674987,113.3041234,66.21971998,393,0.128936701
23.10602445,113.3002817,66.48126103,394,0.128826707
23.09263632,113.3419836,66.07546034,395,0.131586781
23.10420069,113.3532167,66.2363688,396,0.130531173
23.10483155,113.3448499,66.325598,397,0.129820861
23.08265652,113.2929299,65.41990462,398,0.131518021
23.10815359,113.3117107,66.93333305,399,0.12655767
23.0968528,113.2906035,66.48027277,400,0.12718791
23.06294523,113.3642738,60.7534833,401,0.146937262
23.0727574,113.3111803,65.61988318,402,0.132212099
23.07350832,113.3089423,65.63562104,403,0.132100218
23.09880188,113.2877153,66.29456909,404,0.128542744
23.10590433,113.3152847,66.74267195,405,0.126571034
23.10907226,113.2865614,66.64740786,406,0.127206059
23.07291504,113.3591541,61.85227979,407,0.141608291
23.07578016,113.2981597,64.46066596,408,0.137322168
23.09674521,113.2733857,65.98232024,409,0.129902278
23.08761567,113.3338438,65.88203291,410,0.131406727
23.10959733,113.2644583,65.71069417,411,0.131586117
23.11302326,113.2717933,66.2136526,412,0.129415634
23.09080356,113.3477962,65.42055688,413,0.1357068
23.08611484,113.3571097,62.91767601,414,0.136802906
23.08782388,113.2929058,66.02172893,415,0.129126988
23.06997542,113.2871034,64.83097369,416,0.13446319
23.07809247,113.2881606,65.46611107,417,0.13120703
23.08702438,113.3198584,66.23424173,418,0.128924891
23.07492128,113.2841109,65.13729798,419,0.132876758
23.08816364,113.3276562,66.01331942,420,0.130653163
23.08393271,113.3575898,62.77511025,421,0.137517403
23.0885492,113.3250723,66.20110696,422,0.129098862
23.10422378,113.3145945,66.70154265,423,0.126727391
23.0824849,113.3039954,66.08997519,424,0.129010202
23.08135228,113.3015904,65.911637,425,0.129664373
23.08169015,113.3026379,65.92244668,426,0.129602739
23.08371758,113.296943,66.02909329,427,0.128489654
23.08024183,113.2971605,65.6628626,428,0.130142863
23.08690308,113.297623,66.10687891,429,0.128854079
23.08688417,113.3004827,66.36629526,430,0.128210579
23.10764362,113.2701929,66.02899186,431,0.130025948
23.09830727,113.2771132,66.04433725,432,0.130012244
23.06045481,113.3396684,63.78800225,433,0.141296547
23.05642216,113.3468796,63.20124785,434,0.144868625
23.09450564,113.3494191,65.73066803,435,0.132883685
23.07634356,113.3063074,65.18464259,436,0.134406539
23.11502775,113.2691385,66.13094394,437,0.129491134
23.0908047,113.286799,66.17158097,438,0.129110063
23.08277843,113.3399718,65.5128852,439,0.134564913
23.08267459,113.3418352,65.58374597,440,0.134160888
23.11712058,113.2787457,66.57424028,441,0.127941454
23.10004705,113.2703402,65.96260094,442,0.130454854
23.07510657,113.27627,64.92064863,443,0.133382935
23.10947776,113.2747799,66.230458,444,0.129319815
23.08605616,113.2910893,66.1102459,445,0.129136634
23.08371085,113.2907706,65.79241616,446,0.129752944
23.09299737,113.3138213,66.56879095,447,0.127537352
23.0968916,113.3141147,65.40651536,448,0.133530579
23.08544367,113.3855935,62.09824581,449,0.144909571
23.09584878,113.3182757,66.20194922,450,0.129370079
23.09400381,113.3161692,66.16793011,451,0.129244045
23.09420024,113.3188899,66.53782846,452,0.127193939
23.0878842,113.3451148,65.73295052,453,0.133519764
23.09692509,113.3269848,66.73670839,454,0.126953265
23.08973575,113.2976973,66.58030174,455,0.127209006
23.08647646,113.3417015,65.68086187,456,0.133418042
23.11019087,113.329128,66.77572262,457,0.126207233
23.06625282,113.3205315,65.03677297,458,0.135187122
23.09696137,113.2716184,65.83883032,459,0.131225808
23.09217105,113.310883,66.63568751,460,0.127259452
23.08443045,113.3005584,66.36818131,461,0.128104094
23.09378139,113.3058854,66.62515079,462,0.126541455
23.07469408,113.309958,65.64627286,463,0.131954969
23.0938719,113.3071937,66.71748257,464,0.126364484
23.09538155,113.31135,66.79249461,465,0.126376233
23.09120807,113.3040622,66.64603544,466,0.126771852
23.09369936,113.3105567,66.74527991,467,0.126645436
23.1379793,113.2105169,62.27825978,468,0.147978377
23.09908867,113.3087889,66.81460325,469,0.125962258
23.08981619,113.3357429,66.18404995,470,0.130199776
23.08624241,113.3328021,65.33679872,471,0.13451634
23.07141413,113.2951468,65.06320758,472,0.133909874
23.07711803,113.2899916,65.46856911,473,0.131939412
23.07618942,113.2946005,65.4752713,474,0.131573675
23.07784748,113.2986038,65.53962687,475,0.130845513
23.1229609,113.2624036,65.96113612,476,0.130083233
23.07951586,113.2823217,65.35551122,477,0.131207439
23.11421758,113.285233,66.69092924,478,0.127556855
23.08176101,113.2812205,65.30579081,479,0.131490929
23.10607866,113.2918264,66.80842332,480,0.126789968
23.07624765,113.3607631,62.1100922,481,0.141434644
23.07402047,113.3605711,62.16107145,482,0.141104712
23.07792581,113.3549722,62.50869638,483,0.139817922
23.07123494,113.3274151,65.09830326,484,0.134893981
23.07796368,113.3569347,62.53291357,485,0.139141432
23.07838549,113.358134,62.48308201,486,0.139425555
23.08444791,113.3294982,65.92932251,487,0.131132086
23.07263973,113.3233886,65.28295223,488,0.134443643
23.07147462,113.2889841,64.61714144,489,0.136253703
23.08065868,113.2770048,65.24603067,490,0.131442384
23.07294792,113.3250291,65.38958008,491,0.133437413
23.10737998,113.2957577,66.8197493,492,0.126813785
23.09377133,113.3676052,63.17714972,493,0.136787916
23.09544271,113.3453691,66.01084346,494,0.131955205
23.07991274,113.2808283,65.35106515,495,0.13123279
23.09899171,113.2601142,65.38426525,496,0.132953296
23.09312304,113.2935605,66.3626579,497,0.127644694
23.07540145,113.2892083,65.35563807,498,0.132647253
23.09857836,113.2662736,65.73112792,499,0.13124403
23.07401136,113.2887508,65.42995061,500,0.13354848
23.0963637,113.3215594,66.45305576,501,0.128236467
23.09863094,113.3182336,66.68275677,502,0.126990054
23.10543561,113.2895225,66.64054762,503,0.126943499
23.0958718,113.3252172,66.63404574,504,0.127325307
23.12437571,113.2829182,66.8997333,505,0.12684951
23.09227222,113.3127916,66.70261164,506,0.126670827
23.09150881,113.3161723,66.51897819,507,0.127190602
23.0910146,113.3255241,66.33428968,508,0.128372501
23.10130249,113.3146942,66.85632415,509,0.125890916
23.10041876,113.333484,66.65957395,510,0.127379254
23.10104752,113.3364545,66.58881322,511,0.12865981
23.10275735,113.318254,66.81516889,512,0.12633124
23.07324994,113.3134624,65.70411875,513,0.131619596
23.09060267,113.3623609,63.12965035,514,0.136438418
23.09478623,113.3367409,66.3535685,515,0.129594143
23.09134812,113.3632169,63.13137837,516,0.136807165
23.09100546,113.3318167,66.22298556,517,0.1290734
23.09019405,113.2772433,65.82754238,518,0.129638614
23.09169795,113.2754754,65.84888929,519,0.129516901
23.07668521,113.3096702,65.92609063,520,0.130248131
23.09821801,113.268301,65.78798508,521,0.130919849
23.10905359,113.3179521,67.01891138,522,0.126209168
23.10022614,113.2726541,66.0339803,523,0.130047872
23.10274771,113.2711952,66.08052215,524,0.130086606
23.08249298,113.3850366,61.62375287,525,0.146489209
23.15328818,113.234263,64.40547526,526,0.138534478
23.09735944,113.2842601,66.36353124,527,0.12858414
23.17204515,113.2813927,66.5359504,528,0.131492517
23.19717634,113.2629017,63.97323616,529,0.143271404
23.20782852,113.2434898,61.67611047,530,0.150542105
23.21081029,113.2450433,61.79400838,531,0.149952285
23.16542378,113.2292685,63.56960831,532,0.143881249
23.29451408,113.3313063,58.01590575,533,0.17447089
23.22886253,113.3130753,62.98006569,534,0.149846881
23.1882337,113.2684768,64.89114348,535,0.138646602
23.22147872,113.3085221,61.9303056,536,0.156577265
23.19082252,113.2724791,65.07841701,537,0.138066251
23.17842564,113.2645898,65.25961785,538,0.137761074
23.16970076,113.245911,64.75839139,539,0.137307435
23.17664253,113.2559723,65.21779117,540,0.136390427
23.19658511,113.2737032,63.80035123,541,0.14446361
23.22635098,113.30742,63.16937791,542,0.148576422
23.23139627,113.311235,62.72868501,543,0.151091361
23.22411924,113.3071845,63.28728899,544,0.148254721
23.19246089,113.2736317,64.85926491,545,0.138509985
23.23782901,113.308346,62.29482055,546,0.151781038
23.22481794,113.3054284,63.30888299,547,0.147888667
23.16732015,113.2597465,66.06126288,548,0.13377058
23.23419846,113.3107151,62.33439635,549,0.152579689
23.19463941,113.2640128,64.26704365,550,0.141576941
23.23543796,113.2770141,61.53568161,551,0.152041302
23.1759764,113.2479192,64.51322843,552,0.139087895
23.19886704,113.2716597,64.26622636,553,0.141724612
23.21273332,113.2413421,61.60032376,554,0.15111
23.16615703,113.2591405,66.08241586,555,0.133849731
23.22541341,113.3121507,63.03250782,556,0.150093992
23.14939222,113.2257156,63.70764993,557,0.141508258
23.19928979,113.2671345,64.07289439,558,0.142432305
23.20002189,113.2617468,61.94931414,559,0.153206312
23.2086083,113.2578337,62.49864967,560,0.148008935
23.2110906,113.2590152,62.54048688,561,0.147564859
23.19803415,113.2646108,64.05025761,562,0.142622303
23.21021749,113.2556476,62.46766352,563,0.147460802
23.19827073,113.333135,65.31704479,564,0.140166295
23.15870575,113.2662883,66.75378628,565,0.129850837
23.22599597,113.2728347,61.99295385,566,0.150551547
23.18968038,113.2672583,64.89875158,567,0.139382772
23.17903723,113.2753205,65.91906413,568,0.134286759
23.19119194,113.2582816,63.88083255,569,0.143608979
23.19099499,113.2559758,63.88626641,570,0.143377617
23.22975601,113.293487,62.65595727,571,0.149480447
23.20232105,113.3294378,65.13496353,572,0.141353801
23.24077183,113.2899343,61.57197677,573,0.152891711
23.17679539,113.2427467,64.15402316,574,0.140520305
23.24202292,113.2815463,60.98871325,575,0.153773348
23.19826252,113.2586816,63.60143665,576,0.144204967
23.20025698,113.3283594,65.38634397,577,0.139611123
23.24560454,113.2888119,60.98424911,578,0.153613738
23.24426247,113.2777915,60.62699711,579,0.153527482
23.24383596,113.2876449,61.07605937,580,0.153919215
23.21913876,113.3356555,63.77577328,581,0.148561415
23.24378498,113.2856705,61.05978786,582,0.15401199
23.22680334,113.3094638,63.24008031,583,0.148695847
23.17494768,113.2417877,63.84763933,584,0.142294687
23.15641688,113.2530431,65.73659069,585,0.133722975
23.220519,113.2340276,60.33497372,586,0.154812766
23.18848224,113.2338488,62.72798744,587,0.147598386
23.17998119,113.2620487,64.71532367,588,0.140196491
23.18843764,113.2354044,62.83022509,589,0.14701546
23.16478319,113.2473809,65.11883901,590,0.136301428
23.19986677,113.2585019,63.47653911,591,0.144917092
23.20474035,113.2615675,62.86568112,592,0.147390363
23.19331614,113.2401122,62.69489897,593,0.146697531
23.15994989,113.2278135,63.8591886,594,0.141648221
23.19746128,113.2366326,61.94317818,595,0.149644101
23.18595982,113.2546102,64.24931616,596,0.142113466
23.17912761,113.2592156,65.20196199,597,0.137700002
23.18816479,113.257324,63.9427249,598,0.143813053
23.15620952,113.2280859,63.97368086,599,0.14058707
23.16705287,113.2287605,63.63146615,600,0.143265683
23.16697007,113.2358627,64.17897467,601,0.140496896
23.16426121,113.2281478,63.67771633,602,0.142857953
23.16835494,113.2304667,63.69471216,603,0.142905075
23.22088964,113.2319656,60.00108849,604,0.15628294
23.21280913,113.2563331,62.37965783,605,0.148053889
23.18178065,113.2610782,64.80216914,606,0.139741463
23.19898134,113.2488865,62.86550802,607,0.146363722
23.21238008,113.2455835,61.73224114,608,0.149867585
23.17482322,113.246022,64.52345517,609,0.138809647
23.21935059,113.2920397,63.37796785,610,0.145961221
23.17148317,113.2721342,66.33009607,611,0.132228161
23.25614853,113.3214684,61.05611884,612,0.157243191
23.21372435,113.2599992,62.54169642,613,0.14743073
23.17480224,113.2576545,65.54153876,614,0.136095572
23.17628972,113.2569385,65.31084106,615,0.136264578
23.19141113,113.2669427,64.63817677,616,0.139854606
23.18587456,113.2571944,64.7162441,617,0.139937208
23.22653607,113.2354234,60.02963079,618,0.156381083
23.16473753,113.2679861,66.47500236,619,0.13129703
23.14899517,113.1701124,59.53198012,620,0.167680198
23.17944398,113.2573745,64.94982476,621,0.138517829
23.1726583,113.2597049,65.77585774,622,0.135207445
23.21972176,113.2312636,60.22734248,623,0.155426444
23.18428586,113.233682,63.00355462,624,0.146047284
23.2170903,113.2844669,63.22659873,625,0.14640322
23.21774241,113.2316159,60.45695794,626,0.15520872
23.21232983,113.3325744,64.54370049,627,0.145024914
23.21671701,113.229748,60.40457175,628,0.155630703
23.1685237,113.2761417,66.54531872,629,0.131678387
23.20993005,113.3309771,64.5206715,630,0.145002284
23.21301495,113.2392469,61.42619724,631,0.151697416
23.18289047,113.2501184,64.40359089,632,0.139496557
23.19890609,113.2732558,64.30359884,633,0.141511526
23.24022717,113.2930114,61.72740199,634,0.152468531
23.22338487,113.2561838,61.56903879,635,0.150993138
23.2364731,113.2852093,61.86543655,636,0.151633151
23.19697373,113.2484183,62.98059262,637,0.145707547
23.19232397,113.3463288,65.40096858,638,0.140325689
23.1845545,113.25229,64.44951165,639,0.140306777
23.21111612,113.2645701,62.3957037,640,0.150127198
23.22811795,113.3115996,60.88964937,641,0.162082631
23.16409511,113.2395024,64.52939902,642,0.138498891
23.19283563,113.2628347,64.36778231,643,0.141619811
23.18984109,113.3291161,65.92970754,644,0.137399619
23.18637825,113.3297315,66.20517945,645,0.135408458
23.17992592,113.2151645,61.74955214,646,0.152459146
23.2138446,113.2649459,62.77533753,647,0.147829372
23.21375646,113.2674042,63.11545096,648,0.147018189
23.15268275,113.23529,64.62160131,649,0.137302198
23.17595545,113.2641923,65.75306604,650,0.134937183
23.17114122,113.2799194,66.63919182,651,0.131143153
23.23053044,113.2723441,61.83832442,652,0.150048968
23.18623397,113.3316554,65.74150116,653,0.138033945
23.16573237,113.2679602,66.53821413,654,0.130936617
23.18760291,113.3293309,66.14063802,655,0.135776452
23.17362081,113.2633331,65.87899589,656,0.134208734
23.18816635,113.3329707,66.14302443,657,0.136147529
23.17450946,113.2651571,65.81323865,658,0.134583661
23.22243531,113.2984933,62.70428434,659,0.150159269
23.17548991,113.2751534,66.20565368,660,0.132976391
23.22313167,113.2957534,62.89463019,661,0.148551185
23.15800356,113.2702271,66.87709393,662,0.129650858
23.18394007,113.2793908,65.55520621,663,0.135668533
23.15907497,113.2706768,66.8292012,664,0.129572841
23.21638169,113.282026,63.3072944,665,0.145827412
23.21477188,113.2818805,63.12729245,666,0.146919513
23.21214359,113.2893645,63.83108838,667,0.1440354
23.23968477,113.3101178,61.85462472,668,0.153441083
23.21883058,113.2867052,63.10680089,669,0.146970919
23.21177257,113.2847344,63.16061975,670,0.147725525
23.21706602,113.2884749,63.09369191,671,0.147315319
23.16022437,113.2702813,66.72542073,672,0.130308171
23.2039612,113.2704814,63.84278558,673,0.143599797
23.20638315,113.2288881,61.00899107,674,0.155345803
23.23628282,113.30108,62.34889086,675,0.150656224
23.20270245,113.2661344,63.68270179,676,0.143811156
23.17449779,113.2613051,65.7098116,677,0.135136136
23.20531772,113.2648192,63.18583277,678,0.146114727
23.17431501,113.266745,65.96418616,679,0.133723007
23.24196262,113.349727,62.34768987,680,0.156380994
23.19493301,113.267895,64.46367684,681,0.140789495
23.210762,113.2799718,63.63499197,682,0.14544791
23.20980726,113.2772582,63.82198902,683,0.144164758
23.36455785,113.2098988,48.62923417,684,0.21128649
23.21790117,113.2911809,63.51242075,685,0.145509017
23.23225392,113.28263,61.7285858,686,0.151717198
23.2091942,113.2633701,63.0553516,687,0.146534015
23.23262559,113.2838394,61.99199205,688,0.150046457
23.2419148,113.296958,61.64092994,689,0.152517727
23.2258926,113.2607138,61.69688738,690,0.149570027
23.2265657,113.2962791,63.02956981,691,0.148193187
23.22499187,113.2319476,59.86025987,692,0.157041
23.16855947,113.254759,65.68802683,693,0.134898144
23.22251101,113.2375885,60.39591205,694,0.154637617
23.22244292,113.2342204,60.21296244,695,0.155030005
23.22618785,113.2374362,60.17658664,696,0.155543189
23.22575631,113.232599,59.79519314,697,0.156975019
23.22082641,113.2298735,60.00659473,698,0.156034779
23.2306603,113.3056785,62.8732617,699,0.149877341
23.22318213,113.2747457,62.21084978,700,0.150028207
23.22050464,113.2826379,63.0618827,701,0.146470682
23.22450282,113.2720301,62.30500735,702,0.148908437
23.2220729,113.2721275,61.47126989,703,0.154447248
23.17809539,113.2469203,64.4994295,704,0.139147587
23.23525067,113.280295,61.63147243,705,0.151365486
23.22138334,113.27877,62.90016515,706,0.14708354
23.15633512,113.270731,66.88417394,707,0.129902444
23.14935422,113.233401,64.50338759,708,0.137724435
23.14803299,113.2340485,64.5805117,709,0.13750097
23.17893034,113.2535192,64.90130815,710,0.138172407
23.20617703,113.278833,64.15766628,711,0.14260023
23.10252229,113.3221335,66.88081809,712,0.125948983
23.15363967,113.2398078,64.90552541,713,0.136042984
23.20334045,113.2304995,61.07905142,714,0.154440015
23.18359211,113.2470599,64.06084767,715,0.141368671
23.15239717,113.238021,64.83146871,716,0.136465231
23.15487057,113.2372982,64.68413333,717,0.136945661
23.18664944,113.2637415,64.83385603,718,0.139192031
23.16079858,113.2399752,64.05614729,719,0.141431106
23.15026215,113.2360735,64.76648042,720,0.136835773
23.15297034,113.4125415,60.78632691,721,0.145960323
23.19430198,113.2728967,64.66664374,722,0.139524293
23.19321656,113.2758452,64.81626103,723,0.13910184
23.19521323,113.2761748,64.65835082,724,0.13991788
23.22453657,113.2546084,61.47343008,725,0.150499574
23.21937459,113.2495827,61.52254126,726,0.150530428
23.20332592,113.2585497,63.15749127,727,0.146092008
23.21639823,113.2477159,61.4562585,728,0.151692975
23.236306,113.3459203,62.71339491,729,0.155058564
23.24365225,113.280738,60.90396062,730,0.153711341
23.20238785,113.2581476,63.14352897,731,0.146171616
23.16953657,113.2543605,65.62450147,732,0.135260345
23.21472673,113.2926423,63.48376283,733,0.146312193
23.185858,113.2364275,63.25709237,734,0.145355037
23.21518756,113.3328086,64.09953862,735,0.146431935
23.21565299,113.3005692,63.97317527,736,0.144564633
23.21329881,113.2918655,63.87657261,737,0.14418518
23.21333624,113.290084,63.82727123,738,0.144057164
23.23043918,113.3089391,63.00676269,739,0.149505848
23.20949778,113.294132,64.27623805,740,0.142643893
23.20596191,113.3354824,64.69575085,741,0.144124107
23.19795223,113.2769763,64.59225391,742,0.140601136
23.14106036,113.517519,34.20260977,743,0.209242726
23.20713947,113.3359653,64.84628913,744,0.143446049
23.19241338,113.2659381,64.38359185,745,0.141109294
23.23784687,113.3024679,62.08143588,746,0.151687971
23.17236609,113.2552631,65.52931182,747,0.135341234
23.13464619,113.3051016,67.26941714,748,0.124567937
22.736345,114.29276,74.56280284,749,0.205462517
22.72269971,114.2725735,77.69240687,750,0.190799897
22.69926799,114.2641916,79.58756112,751,0.182969652
22.72531133,114.2971672,74.45478724,752,0.206416124
22.73490154,114.2830585,75.86461556,753,0.2004848
22.73542986,114.2607239,77.99046545,754,0.189120815
22.73528175,114.2840331,75.70634156,755,0.201387226
22.72805604,114.2974051,74.32596332,756,0.206188932
22.72556414,114.2764771,77.06723066,757,0.194364448
22.73466108,114.3832577,71.35538698,758,0.212823045
22.70652075,114.237706,81.8936487,759,0.173945642
22.70442389,114.2449521,81.44446563,760,0.173872921
22.73230316,114.2938262,74.68604746,761,0.205427664
22.73516654,114.2926211,74.64938903,762,0.20496883
22.70241604,114.2331824,74.98621729,763,0.172854993
22.74682176,114.2812488,75.38485123,764,0.2028096
22.67679151,114.1684238,74.29518551,765,0.161549827
22.70179996,114.2462511,81.43932537,766,0.173561669
22.7503764,114.2841118,74.70441855,767,0.204017563
22.71625705,114.2643988,78.54346229,768,0.187190284
22.72243511,114.260494,78.84000781,769,0.185695292
22.74947171,114.2853353,74.48132714,770,0.205151395
22.73898721,114.2916941,74.53270342,771,0.204874912
22.72459528,114.2756081,77.22437189,772,0.19346848
22.71974273,114.2483255,79.85410964,773,0.179579691
22.7331071,114.2526879,79.0228694,774,0.1853693
22.73970463,114.2927071,74.32298853,775,0.205634238
22.70895636,114.239904,81.58775432,776,0.175667525
22.73946157,114.261629,77.95494555,777,0.190668546
22.700032,114.2367534,74.7362794,778,0.172657418
22.74788622,114.2847665,74.88461766,779,0.204180957
22.73635537,114.2619332,78.12347297,780,0.189707657
22.67455842,114.2277209,73.41713703,781,0.167924446
22.71199767,114.2468397,80.82541613,782,0.17669487
22.60951798,114.1294791,79.47055556,783,0.143651657
22.73836674,114.264899,77.6605081,784,0.192347332
22.7344423,114.2863836,75.44126742,785,0.202484683
22.72216701,114.2663643,78.17225574,786,0.188461291
22.73875387,114.2830791,75.62452732,787,0.201853704
22.71786812,114.2729068,77.87038651,788,0.19051489
22.5708103,114.1445953,76.60670097,789,0.154836679
22.72570425,114.2277593,81.04807816,790,0.177439807
22.79120471,114.1055847,70.97863905,791,0.199484695
22.70458164,114.2378447,74.46427837,792,0.174106612
22.72080215,114.2680007,78.04481255,793,0.189187931
22.70677747,114.2341628,74.73487832,794,0.173174129
22.70011627,114.2462028,81.50675524,795,0.173177205
22.72905239,114.2260978,80.98665572,796,0.178161294
22.70316484,114.2478272,81.20682838,797,0.174887291
22.7355461,114.2705996,77.42624276,798,0.193567455
22.55316139,114.1246391,76.9908809,799,0.152114278
22.735718,114.262801,78.06668269,800,0.190031457
22.73191469,114.2751657,76.66637273,801,0.196762835
22.72849746,114.2640972,77.70669951,802,0.190113145
22.73435986,114.2747124,76.90165659,803,0.195395227
22.73456648,114.2711724,77.41950777,804,0.193605856
22.74214041,114.2634722,77.56931844,805,0.192867266
22.72639295,114.2470148,79.62185712,806,0.180918842
22.70880822,114.2351312,74.59376226,807,0.173752052
22.73556427,114.2758378,76.77536764,808,0.196115286
22.73720479,114.2541654,78.57068682,809,0.186744215
22.73652626,114.2751445,76.79920245,810,0.195979387
22.73335327,114.271844,77.22149413,811,0.193889199
22.73563279,114.2781459,76.48897832,812,0.197748184
22.72325227,114.2995404,74.27053211,813,0.206786272
22.72823238,114.2624803,78.23350406,814,0.187768609
22.7307068,114.2656576,78.1002006,815,0.189099315
22.722555,114.301004,76.21433888,816,0.206815867
22.725358,114.261811,78.52500409,817,0.186667601
22.727814,114.260776,78.41701175,818,0.18730992
22.59509216,114.1209645,79.33065133,819,0.143586303
22.73350323,114.2839298,75.83671356,820,0.200643888
22.73221664,114.2567647,78.63282838,821,0.186781993
22.73177451,114.2492856,79.47277922,822,0.182820754
22.73132808,114.2403392,79.6044531,823,0.182067889
22.723003,114.269186,78.03931985,824,0.189064874
22.69958647,114.2421262,81.81034138,825,0.173248766
22.700952,114.235173,74.83674902,826,0.173495922
22.59671787,114.4823321,55.0305207,827,0.239592255
22.74031987,114.2862907,75.22314637,828,0.203544585
22.72961404,114.2445572,79.64625038,829,0.181612247
22.71102811,114.2369819,81.71154292,830,0.174942656
22.72853255,114.2437285,79.81929426,831,0.181002944
22.732041,114.297093,74.14568407,832,0.206642855
22.73412088,114.2814727,76.13872975,833,0.19933381
22.71524652,114.2459915,80.87224981,834,0.177071741
22.64797517,114.237841,74.13953879,835,0.170626396
22.70838561,114.2383159,81.74525832,836,0.175071029
22.63892492,114.5130004,52.39752302,837,0.242124875
22.7284182,114.2362671,80.0784799,838,0.181480626
22.7101966,114.2527857,80.56160862,839,0.17780134
22.74101327,114.2678781,77.33992222,840,0.194273621
22.72673316,114.2735391,77.36725651,841,0.192653798
22.73412966,114.23556,79.66337126,842,0.183712953
22.73354498,114.2417163,79.37468001,843,0.183159814
22.69891398,114.2397181,74.52739637,844,0.173223437
22.73248785,114.2374423,79.77359885,845,0.182830365
22.70285781,114.2351984,74.78824114,846,0.173131901
22.70135788,114.2380673,74.58134596,847,0.173234757
22.57506337,113.8963599,79.25507631,848,0.172325935
22.57329032,113.8982118,79.40594823,849,0.171868399
22.58079663,113.8673371,77.39971021,850,0.182429745
22.57076412,113.8772541,77.60212875,851,0.18049638
22.58639426,113.866136,77.59226257,852,0.182365351
22.57185771,113.8777792,77.73134127,853,0.179759652
22.59219208,113.866349,77.92318751,854,0.181391114
22.5963842,113.9044936,81.02168681,855,0.164907024
22.58787964,113.8661848,77.64097965,856,0.182192978
22.58473016,113.8707122,77.58880077,857,0.181230641
22.58237794,113.9134731,80.8430072,858,0.165142387
22.56777274,113.9082635,79.73086201,859,0.170083057
22.56305545,113.902642,79.02537028,860,0.172949025
22.56381198,113.8943855,78.44812976,861,0.17584317
22.567487,113.912186,79.84844583,862,0.168564905
22.56371285,113.8906413,78.22522697,863,0.177711304
22.58665744,113.9007896,80.35475663,864,0.167763042
22.56001238,113.8966855,78.32862431,865,0.176283055
22.55994522,113.9092287,79.25864651,866,0.171874569
22.58815192,113.9024624,80.56823015,867,0.166545885
22.66929059,113.8178262,75.28356843,868,0.178347462
22.58338099,113.8736621,77.88267215,869,0.17909989
22.58130333,113.916484,80.98354814,870,0.164341069
22.57966228,113.8765668,77.9511933,871,0.17847225
22.58452597,113.8761254,77.63075818,872,0.180817954
22.574552,113.9023326,79.77902197,873,0.17055
22.56427777,113.9017208,79.04888325,874,0.172814962
22.56339727,113.900948,78.9123284,875,0.173355265
22.53835813,113.9256918,78.43177661,876,0.172738523
22.56899572,113.920738,80.40110342,877,0.165239515
22.58280433,113.9046467,80.42462582,878,0.16736467
22.57231277,113.8860783,78.37746102,879,0.176881938
22.58147404,113.8911932,79.32694961,880,0.171916137
22.5777155,113.8761729,77.77706974,881,0.179235799
22.57990534,113.8820968,78.54658168,882,0.175917667
22.5844493,113.9016649,80.2945969,883,0.168106053
22.83560706,113.981193,69.03464643,884,0.205863755
22.57870726,113.8713344,77.46144333,885,0.181245215
22.58702486,113.8798536,78.60416992,886,0.175716691
22.57459415,113.8718554,77.23804203,887,0.182012147
22.55737888,113.9022956,78.53884947,888,0.174092003
22.58696366,113.8682111,77.76189285,889,0.181222846
22.58138401,113.8873563,79.04146653,890,0.173543868
22.58799559,113.8819219,78.81446784,891,0.174750958
22.57418873,113.8795167,77.94494494,892,0.179032731
22.57254222,113.8756012,77.5782388,893,0.180632593
22.56988703,113.9002529,79.36178538,894,0.171899534
22.55494197,113.8925648,77.66381433,895,0.179087411
22.58196682,113.8926201,79.52429093,896,0.170790961
22.56350988,113.9041299,79.06633545,897,0.172952186
22.58990279,113.8898939,79.55032661,898,0.170452877
22.57325564,113.9087706,80.13391135,899,0.168071497
22.56947268,113.8957334,78.96026252,900,0.173547416
22.59542882,113.9002998,80.54843549,901,0.166348218
22.59188831,113.8995566,80.49461884,902,0.167087048
22.57321737,113.9060088,79.96941417,903,0.169465405
22.58112485,113.8957339,79.66557525,904,0.170265313
22.58839284,113.8676965,77.82382376,905,0.181384254
22.5829664,113.8942729,79.66060459,906,0.170293654
22.57467328,113.8863806,78.57277377,907,0.176175251
22.59097019,113.8858211,79.31845464,908,0.172267073
22.58246985,113.8750986,77.97845226,909,0.17858965
23.12719274,113.3212495,67.21692964,910,0.126148626
23.12713794,113.410755,60.41861464,911,0.144943891
23.13074417,113.3978813,61.14446159,912,0.141110793
23.17348211,113.3608287,65.97073362,913,0.13929867
23.12630806,113.3197948,67.2537481,914,0.125938699
23.12534511,113.4225283,60.3511991,915,0.150991925
23.16439466,113.3047181,67.15106066,916,0.128305433
23.14258247,113.3667378,64.53309307,917,0.133801704
23.17666822,113.3620684,65.92091541,918,0.139962872
23.17387583,113.3594224,66.06652651,919,0.139151176
23.17768665,113.3552943,65.80254631,920,0.138897337
23.12027974,113.3625727,64.02751208,921,0.131184679
23.15764837,113.3600152,66.40769523,922,0.135645875
23.12616303,113.3779438,64.18679036,923,0.13540604
23.18105596,113.3487012,65.9309326,924,0.138218219
23.11561808,113.3698543,63.91884251,925,0.132800886
23.12188309,113.3631217,64.05057607,926,0.131081987
23.17686221,113.3466704,66.2272277,927,0.136633144
23.1232621,113.3705259,63.7620298,928,0.133134815
23.1599832,113.327562,67.24184412,929,0.128843684
23.11704781,113.4236968,60.13712593,930,0.15291349
23.15825359,113.3231669,67.25934631,931,0.12849397
23.13461906,113.3844024,63.65412127,932,0.137636326
23.2065107,113.3774832,61.86349576,933,0.151531451
23.17719024,113.3495078,66.09758288,934,0.137268033
23.17371213,113.3292307,66.75094323,935,0.132411911
23.20192511,113.3714968,62.39805977,936,0.14877126
23.12648068,113.3346089,67.03502726,937,0.127668166
23.16363731,113.4181906,60.23346054,938,0.150641371
23.18035058,113.3501187,65.93074471,939,0.138166392
23.14575132,113.351134,67.20140309,940,0.130854714
23.13137513,113.4182555,59.96500157,941,0.148980758
23.17869957,113.3504804,65.97127689,942,0.137988189
23.18559906,113.4272845,58.25641073,943,0.161738459
23.12354387,113.4089858,60.4719482,944,0.145797746
23.21229199,113.3351799,64.34400609,945,0.145701015
23.13654075,113.3327505,67.15569808,946,0.127083484
23.19040909,113.3668925,65.40886379,947,0.143729108
23.13680577,113.3315495,67.14715635,948,0.127094744
23.13551006,113.3410369,67.06686604,949,0.128199799
23.13772613,113.337355,67.14242468,950,0.128952666
23.13708955,113.328776,67.15900672,951,0.126588354
23.14101573,113.3400366,67.58545411,952,0.127654173
23.1488008,113.3367353,67.31225495,953,0.128538224
23.13678979,113.3277248,67.19555538,954,0.126379965
23.14748142,113.328281,67.4241614,955,0.127609424
23.14646718,113.3454528,67.28394037,956,0.129664393
23.13380552,113.3510779,66.78601052,957,0.129987983
23.14154175,113.3352617,67.53501583,958,0.127797034
23.13561289,113.3283764,67.21779716,959,0.126654808
23.13432054,113.3282204,67.28309364,960,0.126319849
23.11210082,113.4205127,59.36786682,961,0.152970734
23.12414195,113.4184381,59.38437307,962,0.150120221
23.12851006,113.385554,63.74224895,963,0.136861362
23.13751101,113.3887286,63.32492383,964,0.138928895
23.13541222,113.3868445,63.49044052,965,0.13856958
23.13195489,113.3960025,61.16214067,966,0.140405432
23.139168,113.3899453,61.08433141,967,0.139439203
23.13856931,113.3879211,63.37632929,968,0.138635798
23.13827848,113.3442595,67.43137994,969,0.128740117
23.12659899,113.3184307,67.28564282,970,0.125756846
23.13513458,113.3458752,66.87599396,971,0.129230438
23.13660804,113.3445094,67.43863009,972,0.128698779
23.18220065,113.3507131,65.98827766,973,0.138467779
23.16899087,113.3272302,67.1729564,974,0.13030275
23.13053672,113.4266885,60.12121374,975,0.152697733
23.14688193,113.3370643,67.48084434,976,0.12787128
23.13279084,113.4160106,59.4944491,977,0.149664467
23.1596788,113.4061139,60.40300819,978,0.146573651
23.11999581,113.4044682,60.47508363,979,0.144822521
23.12774154,113.3499004,66.99949001,980,0.128551131
23.12849295,113.3506186,66.96102727,981,0.128770433
23.15143167,113.3434853,67.37625055,982,0.129406144
23.14142015,113.3436299,67.43312396,983,0.128362867
23.14959161,113.3497039,67.28612933,984,0.129898252
23.14468275,113.3470554,67.29356605,985,0.12965192
23.14909746,113.3476144,67.28563157,986,0.129927502
23.14709751,113.3441724,67.24986404,987,0.129406285
23.20756556,113.3749618,61.72893421,988,0.151837701
23.12647416,113.4134182,60.21776287,989,0.146707393
23.15617501,113.329269,67.28896376,990,0.128325716
23.15133928,113.3277149,67.36903413,991,0.127868566
23.14751402,113.3299499,67.41912952,992,0.127678409
23.13004651,113.3803827,64.02893875,993,0.135499239
23.12543383,113.3643246,64.30677935,994,0.130965058
23.12703338,113.3643038,64.32551556,995,0.131189746
23.10421223,113.3799693,62.81992305,996,0.138339825
23.13217801,113.378304,64.14891817,997,0.134888764
23.13127899,113.3777383,64.20074681,998,0.135096427
23.1565755,113.3742504,63.79599443,999,0.138802491
23.13167873,113.4103259,60.50154576,1000,0.144790995
23.12964661,113.3227738,67.28396129,1001,0.126182179
23.12599406,113.4092884,60.6080343,1002,0.145021827
23.13018356,113.3650205,64.77716619,1003,0.131732437
23.13244884,113.3476187,66.92629338,1004,0.12914924
23.13024184,113.3566676,66.53781846,1005,0.130599024
23.14567525,113.353414,67.43195034,1006,0.130264749
23.13092571,113.4169821,59.79722851,1007,0.148651897
23.12788294,113.4224692,60.07717212,1008,0.151179092
23.1315795,113.4206369,60.21592877,1009,0.149735226
23.12377272,113.3251554,67.02840574,1010,0.127223528
23.14507604,113.336102,67.49527177,1011,0.127898414
23.12450363,113.3271153,67.04391856,1012,0.127591605
23.13208063,113.3275386,67.26683145,1013,0.126575696
23.13197869,113.3264132,67.33316161,1014,0.126139854
23.14143644,113.364532,66.97210383,1015,0.132651272
23.12167394,113.3242589,67.15868779,1016,0.126469736
23.11304078,113.4245808,59.7846968,1017,0.154623346
23.14773422,113.3682532,64.14978401,1018,0.135898443
23.20558864,113.3926252,62.41630116,1019,0.153848424
23.1204607,113.3429769,66.68520242,1020,0.129199709
23.12591412,113.3234838,67.15681655,1021,0.126491371
23.12676802,113.3245208,67.12718554,1022,0.126660318
23.13535117,113.3218998,67.38473372,1023,0.126063022
23.13039963,113.3455895,67.03388181,1024,0.128763269
23.17892257,113.3400783,66.49086111,1025,0.135430465
23.16554821,113.28465,66.95623405,1026,0.12988276
23.19964558,113.3760509,62.51860589,1027,0.148988625
23.17912801,113.419112,59.09347683,1028,0.156359849
23.18439775,113.3269896,65.93732994,1029,0.135950671
23.17937189,113.3279819,66.39220655,1030,0.1337026
23.13724964,113.3749859,64.36259332,1031,0.135398
23.12788596,113.4050732,60.69052781,1032,0.143332897
23.14637364,113.4417923,58.55699731,1033,0.161434124
23.16878915,113.4199598,59.77624113,1034,0.152868653
23.1344562,113.3652092,64.88198407,1035,0.131473623
23.12359974,113.429361,59.9196687,1036,0.155362347
23.12382008,113.3997207,61.01406843,1037,0.142308515
23.12919481,113.3876633,63.57019798,1038,0.137842341
23.12282287,113.3975231,63.3785321,1039,0.141205611
23.12250187,113.4027422,60.63779269,1040,0.143743128
23.12713377,113.376333,64.30730602,1041,0.134718899
23.12628673,113.4066537,60.49790543,1042,0.144216378
23.1235878,113.4025907,60.65672609,1043,0.143392153
23.19751235,113.3420008,65.15161137,1044,0.14130058
23.16549805,113.3877697,60.93364801,1045,0.143538476
23.16734838,113.3850509,61.09309883,1046,0.14316052
23.07463873,113.3080327,65.56932299,1047,0.132009441
23.08844666,113.3151908,66.50794998,1048,0.127780724
23.10950986,113.3793362,63.04587655,1049,0.137347609
23.10905189,113.3004557,66.98299762,1050,0.126690285
23.10452274,113.2748778,66.2551185,1051,0.129487838
23.10390952,113.2966655,66.44010735,1052,0.128701863
23.1018158,113.3326661,66.68279078,1053,0.127464694
23.08119079,113.32552,65.99257887,1054,0.131306213
23.10171723,113.3302597,66.7664216,1055,0.126987858
23.10161201,113.290321,66.49801701,1056,0.127732239
23.10339376,113.3439109,66.3370409,1057,0.129755618
23.10022669,113.4064004,61.46290854,1058,0.151073204
23.10409692,113.3891577,62.63716887,1059,0.141901785
23.10798386,113.3139825,66.76493564,1060,0.127505251
23.09698354,113.2927236,66.47381405,1061,0.126868681
23.09032863,113.3268297,66.26834727,1062,0.128748483
23.07695406,113.2998266,65.4944741,1063,0.131358263
23.10851879,113.2598354,65.47197511,1064,0.133208719
23.09221425,113.2906756,66.22350032,1065,0.128615331
23.1119085,113.268664,65.96028626,1066,0.130287671
23.0737221,113.2845406,65.35257816,1067,0.132762589
23.09238596,113.3492911,65.6977066,1068,0.133740609
23.07239962,113.2879002,65.30190526,1069,0.133419399
23.1084114,113.3373186,66.46632916,1070,0.128845699
23.07914179,113.2886298,65.52400574,1071,0.130876934
23.07684881,113.3075814,65.93672918,1072,0.130298882
23.08733648,113.3290483,66.07254172,1073,0.130315497
23.10995874,113.2783032,66.33897546,1074,0.128593717
23.0917107,113.4135581,60.63183072,1075,0.155680015
23.08593834,113.281807,65.90415717,1076,0.129512426
23.06725712,113.3273701,64.95176949,1077,0.135911113
23.07065979,113.3097507,65.4441135,1078,0.133057908
23.07039221,113.3052604,65.44521452,1079,0.133114678
23.07731943,113.3010596,65.53799619,1080,0.131045233
23.09959389,113.3132448,66.52303911,1081,0.127359927
23.09285199,113.3088446,66.73741647,1082,0.126690271
23.09632042,113.274793,65.98930443,1083,0.129555721
23.09265095,113.3193769,66.47108546,1084,0.127574486
23.09503502,113.3069376,66.65891741,1085,0.126348929
23.10901096,113.3064905,67.02757265,1086,0.12605844
23.09255349,113.3063001,66.67833419,1087,0.126587696
23.09647399,113.2651525,65.67674067,1088,0.131862705
23.1065111,113.3208103,66.88728723,1089,0.125458551
23.09506187,113.303046,66.63374951,1090,0.126617761
23.11451284,113.2830336,66.65821182,1091,0.127695949
23.08745299,113.2871072,66.08426602,1092,0.12919449
23.08895869,113.2894971,66.19037094,1093,0.128945428
23.08559159,113.2844885,66.04423142,1094,0.129145523
23.07499516,113.295539,65.67675597,1095,0.13170132
23.09861352,113.2829233,66.21482787,1096,0.129367618
23.10260563,113.2800968,66.33735817,1097,0.128701663
23.10166714,113.2622021,65.62276009,1098,0.132032102
23.09313946,113.3020469,66.60040952,1099,0.126745273
23.10580377,113.2939866,66.82019895,1100,0.12655952
23.10940856,113.2816397,66.59585348,1101,0.127621212
23.09790354,113.32271,66.68492226,1102,0.12726638
23.07026061,113.3288602,65.09031668,1103,0.13473532
23.10786555,113.291932,66.86191712,1104,0.126788735
23.09334428,113.2955808,66.37060997,1105,0.127336534
23.09700901,113.260711,65.35742784,1106,0.132950082
23.10219818,113.2597322,65.46811675,1107,0.133191909
23.09754365,113.3186761,66.64128857,1108,0.127003727
23.09953178,113.3176318,66.72317239,1109,0.126759618
23.12721711,113.2784492,66.52032606,1110,0.127297217
23.09166124,113.3188355,66.34952049,1111,0.128267609
23.09265998,113.3294557,66.49243558,1112,0.128248947
23.09263391,113.3626296,63.23479075,1113,0.136538139
23.07052779,113.31686,65.51257411,1114,0.13307262
23.09265301,113.276923,65.9188513,1115,0.129118
23.09193152,113.3341982,66.32019039,1116,0.128904462
23.09489198,113.2801737,66.14408426,1117,0.129199316
23.09238924,113.3613322,63.26403477,1118,0.135672202
23.11562445,113.2891822,66.91192055,1119,0.127035475
23.10989837,113.2997111,67.00299495,1120,0.126576266
23.10857201,113.31583,67.07714677,1121,0.125769601
23.10846133,113.3094728,66.9809519,1122,0.126333146
23.0679458,113.3188794,65.2844684,1123,0.134397098
23.10902612,113.3035352,67.05435605,1124,0.126354502
23.10444656,113.2696277,66.01974451,1125,0.130096082
23.08920967,113.2793408,65.8879211,1126,0.129634705
23.15690124,113.2655056,66.69409472,1127,0.130323876
23.26872801,113.307638,59.67266432,1128,0.161415863
23.17035895,113.2293606,63.56120093,1129,0.144072867
23.15526685,113.2519062,65.71961134,1130,0.133819785
23.15178681,113.2328482,64.3078597,1131,0.13909105
23.1777654,113.2725093,65.96060058,1132,0.134039911
23.17099843,113.2765754,66.49823394,1133,0.131707564
23.17907562,113.2725104,65.82945979,1134,0.134453941
23.16790989,113.2462342,64.88885793,1135,0.136970733
23.17629817,113.2775959,66.06262589,1136,0.133791888
23.22504963,113.3086006,63.37115249,1137,0.147534331
23.22121278,113.3060266,63.62626445,1138,0.146756873
23.19625055,113.2756209,64.5963097,1139,0.139925315
23.23182946,113.3094798,62.74926974,1140,0.150455706
23.16398501,113.259348,66.23493544,1141,0.132818736
23.21564135,113.2876109,63.60107573,1142,0.145043337
23.23534819,113.2759616,61.52143425,1143,0.152122536
23.16568785,113.2558222,65.88798925,1144,0.13456901
23.19733477,113.2665523,63.93512142,1145,0.143217842
23.19639453,113.2688825,64.36004676,1146,0.141272409
23.1431788,113.2806584,67.19341358,1147,0.126439979
23.17626819,113.2629353,65.6023238,1148,0.135997498
23.19701417,113.3327588,65.5209561,1149,0.139003659
23.17880966,113.2460895,64.41655597,1150,0.139620105
23.19770782,113.2790811,64.65255264,1151,0.139901976
23.19862413,113.2635806,63.75746214,1152,0.14392358
23.20893879,113.2551502,62.5106178,1153,0.146799891
23.19648201,113.270398,64.45167209,1154,0.140749991
23.22844206,113.2929323,62.37882348,1155,0.151076766
23.21225009,113.2757043,63.50957519,1156,0.145040701
23.21221834,113.2778106,63.65251855,1157,0.144767479
23.23158622,113.2643764,61.26230098,1158,0.150912331
23.19821157,113.1471934,54.42096812,1159,0.187722976
23.19703426,113.3473491,65.33653083,1160,0.142424446
23.16495618,113.2412468,64.65006018,1161,0.138098458
23.33185604,113.3038053,56.35324449,1162,0.189521899
23.18569596,113.2527107,64.39030258,1163,0.140588863
23.19647665,113.3383828,65.18424364,1164,0.141030649
23.24172154,113.2884332,61.34487245,1165,0.153083067
23.2398074,113.2909599,61.74152716,1166,0.152720478
23.2420317,113.289767,61.3759702,1167,0.152985532
23.20528599,113.3257733,65.10752219,1168,0.140957441
23.24268189,113.2853742,61.16731976,1169,0.153398878
23.24380933,113.2925483,61.2920907,1170,0.153264407
23.15633901,113.255376,65.98379375,1171,0.132841044
23.24499829,113.285723,60.91723969,1172,0.154500188
23.19465098,113.2608738,64.05553474,1173,0.142514886
23.20072258,113.1651197,56.70762227,1174,0.178648955
23.16493367,113.2380315,64.4036597,1175,0.139215815
23.18193083,113.2626624,65.22992223,1176,0.137148279
23.16845893,113.2715503,66.46580881,1177,0.132036386
23.19241952,113.2395334,62.69342605,1178,0.146980949
23.16688491,113.2732741,66.66764643,1179,0.13103722
23.15945918,113.2266535,63.82478197,1180,0.141602342
23.15877019,113.2276922,63.93554357,1181,0.141027847
23.16717621,113.2715067,66.62015853,1182,0.131156334
23.22477976,113.3107911,63.43979676,1183,0.14796932
23.21757854,113.2579899,62.08813717,1184,0.14842956
23.2168788,113.2378364,61.0350551,1185,0.153491383
23.16616134,113.2715405,66.66715469,1186,0.130888378
23.17465404,113.2432633,64.33671762,1187,0.139511212
23.2098914,113.2377288,61.42305163,1188,0.152066055
23.24234814,113.2261859,57.99745793,1189,0.165525913
23.22632408,113.236442,60.10755544,1190,0.155936782
23.19048827,113.2636533,64.36226876,1191,0.140799921
23.18128909,113.2564433,64.7506078,1192,0.139031651
23.21324038,113.3333756,64.24538678,1193,0.145600356
23.21166014,113.3317415,64.53913568,1194,0.145105888
23.14236589,113.2254852,64.18097909,1195,0.139880028
23.18846528,113.2594175,64.42614918,1196,0.141190182
23.21650022,113.2368489,60.97951307,1197,0.153441625
23.2235812,113.254971,61.52841883,1198,0.150150136
23.16673643,113.2579176,65.97424117,1199,0.134067365
23.20000441,113.3314981,65.34561031,1200,0.140003424
23.20075512,113.27751,64.352747,1201,0.141528122
23.20003601,113.2742156,64.33648971,1202,0.141629802
23.23709476,113.2837807,61.6855424,1203,0.151851563
23.23536283,113.2856239,61.93387453,1204,0.151181188
23.20022701,113.27195,64.17610126,1205,0.142238476
23.22155066,113.2359355,60.36495079,1206,0.154641846
23.23681619,113.2882604,61.90837648,1207,0.151388322
23.1930726,113.2609633,64.24933895,1208,0.14189489
23.23715046,113.2912609,62.0229857,1209,0.151432872
23.18970926,113.3262023,65.85195532,1210,0.136972948
23.19266043,113.2719688,64.75124622,1211,0.139041917
23.424401,113.3183627,35.3666589,1212,0.219719486
23.1634267,113.2682868,66.6184302,1213,0.13007683
23.18681408,113.336462,65.93355523,1214,0.137472397
23.19009436,113.3431422,65.68561134,1215,0.139396328
23.17725985,113.2642174,65.68436638,1216,0.135328886
23.21273107,113.2477632,61.79754357,1217,0.149813663
23.20909233,113.2483839,62.04703795,1218,0.148433615
23.18700194,113.3342532,66.05658309,1219,0.136200941
23.18447888,113.3385962,66.12406841,1220,0.136213394
23.21320536,113.287871,63.80244778,1221,0.14389518
23.2137802,113.2843417,63.68577343,1222,0.144622492
23.23820871,113.298803,62.04706169,1223,0.151485228
23.2109831,113.275621,63.59848515,1224,0.144899622
23.21875905,113.2886887,63.36875666,1225,0.145609457
23.21200718,113.2793396,63.72645176,1226,0.14428408
23.21436627,113.2703356,63.1529755,1227,0.146804236
23.16712061,113.2699359,66.53745722,1228,0.130940933
23.20387275,113.2657423,63.58261252,1229,0.144381832
23.21233563,113.2572402,62.46308291,1230,0.147413328
23.20034908,113.2690269,64.08662615,1231,0.142748634
23.23270002,113.27977,61.8783374,1232,0.150674043
23.23029701,113.279492,62.18576348,1233,0.150274006
23.21764716,113.2895198,63.50488557,1234,0.145246722
23.22645368,113.2981238,63.04902131,1235,0.148340832
23.23437826,113.2817943,61.79538693,1236,0.151167435
23.23024749,113.2814387,62.22465752,1237,0.150052245
23.23933466,113.2840285,61.56964042,1238,0.152233769
23.22634584,113.2545866,61.33537056,1239,0.150560342
23.19874545,113.2784678,64.56818864,1240,0.140382992
23.22398715,113.2305829,59.85824527,1241,0.157052486
23.22392548,113.2709844,62.27444749,1242,0.148783607
23.22140682,113.2744787,62.68960279,1243,0.147643295
23.17955473,113.2439755,64.24880023,1244,0.14073467
23.1436678,113.2267657,64.21482159,1245,0.139693009
23.2265306,113.2749326,62.24990935,1246,0.149086471
23.17671192,113.2651996,65.74883769,1247,0.134961292
23.19052335,113.3315148,66.09290255,1248,0.136521059
23.15511852,113.2553496,66.02437784,1249,0.132609646
23.23560127,113.3113556,62.21563926,1250,0.152995189
23.16524421,113.2734749,66.74687186,1251,0.130585502
23.22240105,113.2909963,63.05877888,1252,0.147069561
23.15381021,113.2550439,65.99445184,1253,0.132897788
23.18912219,113.263294,64.60870931,1254,0.140592823
23.18559135,113.2585354,64.78895614,1255,0.139522628
23.17268536,113.2829081,66.5374406,1256,0.131778279
23.1848115,113.2605885,64.96944281,1257,0.138787723
23.19977345,113.3341445,65.28038194,1258,0.140375334
23.16045484,113.2412345,64.85604686,1259,0.13687034
23.18815454,113.3264348,65.89605847,1260,0.136216441
23.1861588,113.2485285,64.07815414,1261,0.141269995
23.16948474,113.2852225,66.75534829,1262,0.130678463
23.22574216,113.3098176,63.33128255,1263,0.148175842
23.21830901,113.249483,61.60669695,1264,0.1500506
23.22053664,113.3046955,63.69473788,1265,0.14636646
23.18969941,113.2376969,62.81192138,1266,0.146431907
23.21146147,113.2913664,63.98534322,1267,0.143155889
23.21154901,113.293868,64.11580616,1268,0.143558623
23.2445115,113.3048442,61.45565978,1269,0.154127834
23.17639872,113.2804575,66.24732927,1270,0.132891155
23.19147731,113.3320696,65.97553263,1271,0.13719599
23.20791148,113.3384069,64.93625317,1272,0.143886842
23.15929622,113.3689538,66.22657555,1273,0.137700355
